CodigoEstacion;CodigoSensor;FechaObservacion;ValorObservado;NombreEstacion;Departamento;Municipio;ZonaHidrografica;Latitud;Longitud;DescripcionSensor;UnidadMedida
21195502;68;07/01/2019 03:00:00 AM;133;AGUAS CLARAS - CAR;CUNDINAMARCA;SAN BERNARDO;ALTO MAGDALENA;4145;-74428;Temp Aire 2 m;°C
21205521;68;01/21/2020 02:20:00 AM;9047;SANTA HELENA  - AUT;CUNDINAMARCA;LA CALERA;ALTO MAGDALENA;4738;-73936;Temp Aire 2 m;°C
21205514;68;07/01/2019 06:30:00 PM;12165;LAS MARGARITAS  - AUT;CUNDINAMARCA;EL ROSAL;ALTO MAGDALENA;4469;-74079;Temp Aire 2 m;°C
35075090;68;07/01/2019 04:30:00 AM;10624;MACHETA - CHIVOR;CUNDINAMARCA;MACHETÁ;META;5083;-7365;Temp Aire 2 m;°C
21205515;68;01/21/2020 09:40:00 PM;9103;MERENGO  - AUT;CUNDINAMARCA;SOACHA;ALTO MAGDALENA;47;-74174;Temp Aire 2 m;°C
21205514;68;01/21/2020 09:40:00 PM;11678;LAS MARGARITAS  - AUT;CUNDINAMARCA;EL ROSAL;ALTO MAGDALENA;4469;-74079;Temp Aire 2 m;°C
21205940;68;01/21/2020 12:00:00 PM;137;VILLA INES  - AUT;CUNDINAMARCA;FACATATIVÁ;ALTO MAGDALENA;4834972222;-7438397222;Temp Aire 2 m;°C
24015508;68;07/01/2019 07:00:00 AM;13225;HACIENDA LA MESA  - AUT;CUNDINAMARCA;PASCA;ALTO MAGDALENA;4308;-74282;Temp Aire 2 m;°C
21237060;68;07/01/2019 02:30:00 PM;22519;CORRALITOS PULI;CUNDINAMARCA;PULÍ;ALTO MAGDALENA;4633;-7465;Temp Aire 2 m;°C
21205525;68;01/21/2020 10:20:00 AM;16029;VILLA PINZON  - AUT;CUNDINAMARCA;VILLAPINZÓN;ALTO MAGDALENA;5229;-73585;Temp Aire 2 m;°C
21205505;68;07/01/2019 06:00:00 PM;131;PTAR TOCANCIPA - CAR;CUNDINAMARCA;TOCANCIPÁ;ALTO MAGDALENA;497;-73918;Temp Aire 2 m;°C
23065506;68;07/01/2019 06:40:00 AM;9248;BELLAVISTA  - AUT;CUNDINAMARCA;FACATATIVÁ;ALTO MAGDALENA;4861;-74405;Temp Aire 2 m;°C
21205524;68;07/01/2019 11:00:00 PM;9138;VETA LARGA  - AUT;CUNDINAMARCA;ZIPAQUIRÁ;ALTO MAGDALENA;5075;-74057;Temp Aire 2 m;°C
21205527;68;07/01/2019 04:10:00 AM;9149;ALTO DEL AIRE  - AUT;CUNDINAMARCA;CUCUNUBÁ;ALTO MAGDALENA;5198;-73805;Temp Aire 2 m;°C
21205511;68;07/01/2019 01:10:00 AM;10443;EL OKAL  - AUT;CUNDINAMARCA;VILLAGÓMEZ;ALTO MAGDALENA;5001;-73733;Temp Aire 2 m;°C
2306500106;68;01/21/2020 12:00:00 AM;177;ALTO DEL TRIGO - AUT;CUNDINAMARCA;GUADUAS;MEDIO MAGDALENA;5001902778;-74537586111;Temp Aire 2 m;°C
21205522;68;07/01/2019 10:20:00 PM;11534;TABIO  - AUT;CUNDINAMARCA;TABIO;ALTO MAGDALENA;4918;-74029;Temp Aire 2 m;°C
21205516;68;01/21/2020 08:00:00 AM;1648;NEGRETE  - AUT;CUNDINAMARCA;PACHO;ALTO MAGDALENA;5173;-73852;Temp Aire 2 m;°C
21195501;68;01/21/2020 09:00:00 AM;2224629;GRANJA TIBACUY  - AUT;CUNDINAMARCA;TIBACUY;ALTO MAGDALENA;4363052778;-7443527778;Temp Aire 2 m;°C
24015506;68;07/01/2019 04:00:00 PM;15;CAPELLANIA - CAR;CUNDINAMARCA;FÚQUENE;SOGAMOSO;5449;-73769;Temp Aire 2 m;°C
21205519;68;01/21/2020 10:00:00 AM;16742;SAN FORTUNATO  - AUT;CUNDINAMARCA;SIBATÉ;ALTO MAGDALENA;4452;-74272;Temp Aire 2 m;°C
24015507;68;01/21/2020 02:50:00 PM;12078;OJO DE AGUA  - AUT;CUNDINAMARCA;SIMIJACA;SOGAMOSO;5392;-73854;Temp Aire 2 m;°C
21205910;68;01/21/2020 03:00:00 AM;93;LA COSECHA - AUT;CUNDINAMARCA;ZIPAQUIRÁ;ALTO MAGDALENA;4989222222;-7400119444;Temp Aire 2 m;°C
35075090;68;01/21/2020 01:30:00 PM;18678;MACHETA - CHIVOR;CUNDINAMARCA;MACHETÁ;META;5083;-7365;Temp Aire 2 m;°C
21206980;68;01/21/2020 03:00:00 PM;133;SANTA CRUZ DE SIECHA  - AUT;CUNDINAMARCA;GUASCA;ALTO MAGDALENA;4784277778;-7387080556;Temp Aire 2 m;°C
21205513;68;07/01/2019 08:30:00 AM;14316;LA RAMADA  - AUT;CUNDINAMARCA;FUNZA;ALTO MAGDALENA;4505;-74184;Temp Aire 2 m;°C
21206990;68;01/21/2020 07:00:00 PM;133;TIBAITATA - AUT;CUNDINAMARCA;MOSQUERA;ALTO MAGDALENA;4691416667;-74209;Temp Aire 2 m;°C
21205522;68;07/01/2019 11:00:00 AM;15794;TABIO  - AUT;CUNDINAMARCA;TABIO;ALTO MAGDALENA;4918;-74029;Temp Aire 2 m;°C
21205511;68;01/21/2020 01:40:00 PM;17289;EL OKAL  - AUT;CUNDINAMARCA;VILLAGÓMEZ;ALTO MAGDALENA;5001;-73733;Temp Aire 2 m;°C
2401500040;68;01/21/2020 09:00:00 AM;142;CUCUNUBA - AUT;CUNDINAMARCA;CUCUNUBÁ;SOGAMOSO;5219558333;-73784541667;Temp Aire 2 m;°C
21205511;68;07/01/2019 06:00:00 AM;9724;EL OKAL  - AUT;CUNDINAMARCA;VILLAGÓMEZ;ALTO MAGDALENA;5001;-73733;Temp Aire 2 m;°C
21205525;68;07/01/2019 07:10:00 PM;10384;VILLA PINZON  - AUT;CUNDINAMARCA;VILLAPINZÓN;ALTO MAGDALENA;5229;-73585;Temp Aire 2 m;°C
21235030;68;01/21/2020 06:00:00 PM;285;UNIVERSIDAD DE CUNDINAMARCA - AUT;CUNDINAMARCA;GIRARDOT;ALTO MAGDALENA;4305333333;-7480811111;Temp Aire 2 m;°C
21205525;68;07/01/2019 07:50:00 PM;10259;VILLA PINZON  - AUT;CUNDINAMARCA;VILLAPINZÓN;ALTO MAGDALENA;5229;-73585;Temp Aire 2 m;°C
24015506;68;07/01/2019 05:00:00 PM;132;CAPELLANIA - CAR;CUNDINAMARCA;FÚQUENE;SOGAMOSO;5449;-73769;Temp Aire 2 m;°C
21205516;68;07/01/2019 09:20:00 PM;13512;NEGRETE  - AUT;CUNDINAMARCA;PACHO;ALTO MAGDALENA;5173;-73852;Temp Aire 2 m;°C
35075090;68;01/21/2020 01:10:00 AM;11781;MACHETA - CHIVOR;CUNDINAMARCA;MACHETÁ;META;5083;-7365;Temp Aire 2 m;°C
35075090;68;07/01/2019 03:10:00 AM;10689;MACHETA - CHIVOR;CUNDINAMARCA;MACHETÁ;META;5083;-7365;Temp Aire 2 m;°C
23065506;68;07/01/2019 03:00:00 AM;9204;BELLAVISTA  - AUT;CUNDINAMARCA;FACATATIVÁ;ALTO MAGDALENA;4861;-74405;Temp Aire 2 m;°C
24015508;68;07/01/2019 03:10:00 PM;13821;HACIENDA LA MESA  - AUT;CUNDINAMARCA;PASCA;ALTO MAGDALENA;4308;-74282;Temp Aire 2 m;°C
21205515;68;07/01/2019 12:00:00 AM;9128;MERENGO  - AUT;CUNDINAMARCA;SOACHA;ALTO MAGDALENA;47;-74174;Temp Aire 2 m;°C
21205514;68;01/21/2020 12:50:00 PM;1619;LAS MARGARITAS  - AUT;CUNDINAMARCA;EL ROSAL;ALTO MAGDALENA;4469;-74079;Temp Aire 2 m;°C
21205525;68;07/01/2019 06:50:00 AM;10045;VILLA PINZON  - AUT;CUNDINAMARCA;VILLAPINZÓN;ALTO MAGDALENA;5229;-73585;Temp Aire 2 m;°C
35025080;68;01/21/2020 04:00:00 PM;104;PNN CHINGAZA - AUT;CUNDINAMARCA;LA CALERA;META;4661;-7382733333;Temp Aire 2 m;°C
24015340;68;07/01/2019 06:00:00 AM;109;EL HATO - CAR;CUNDINAMARCA;CARMEN DE CARUPA;SOGAMOSO;5283;-739;Temp Aire 2 m;°C
21237060;68;07/01/2019 11:10:00 PM;2003;CORRALITOS PULI;CUNDINAMARCA;PULÍ;ALTO MAGDALENA;4633;-7465;Temp Aire 2 m;°C
21205524;68;01/21/2020 05:00:00 PM;10783;VETA LARGA  - AUT;CUNDINAMARCA;ZIPAQUIRÁ;ALTO MAGDALENA;5075;-74057;Temp Aire 2 m;°C
35025501;68;01/21/2020 04:15:00 PM;2181539;QUETAME  - AUT;CUNDINAMARCA;QUETAME;META;4297941667;-7387238889;Temp Aire 2 m;°C
35075090;68;01/21/2020 04:10:00 PM;14053;MACHETA - CHIVOR;CUNDINAMARCA;MACHETÁ;META;5083;-7365;Temp Aire 2 m;°C
35075090;68;07/01/2019 03:40:00 PM;11922;MACHETA - CHIVOR;CUNDINAMARCA;MACHETÁ;META;5083;-7365;Temp Aire 2 m;°C
21205516;68;01/21/2020 07:20:00 PM;14395;NEGRETE  - AUT;CUNDINAMARCA;PACHO;ALTO MAGDALENA;5173;-73852;Temp Aire 2 m;°C
23065504;68;07/01/2019 07:00:00 AM;20;VIANI - CAR;CUNDINAMARCA;VIANÍ;MEDIO MAGDALENA;4872;-74573;Temp Aire 2 m;°C
21205480;68;01/21/2020 07:50:00 AM;11722;IBERIA LA;CUNDINAMARCA;CHOCONTÁ;ALTO MAGDALENA;5033;-73717;Temp Aire 2 m;°C
24015507;68;07/01/2019 07:50:00 PM;9048;OJO DE AGUA  - AUT;CUNDINAMARCA;SIMIJACA;SOGAMOSO;5392;-73854;Temp Aire 2 m;°C
21205511;68;01/21/2020 07:00:00 PM;11995;EL OKAL  - AUT;CUNDINAMARCA;VILLAGÓMEZ;ALTO MAGDALENA;5001;-73733;Temp Aire 2 m;°C
21205521;68;07/01/2019 10:00:00 PM;929;SANTA HELENA  - AUT;CUNDINAMARCA;LA CALERA;ALTO MAGDALENA;4738;-73936;Temp Aire 2 m;°C
24015110;68;01/21/2020 10:00:00 PM;113;LA BOYERA - AUT;CUNDINAMARCA;UBATÉ;SOGAMOSO;5303805556;-7385175;Temp Aire 2 m;°C
23125170;68;01/21/2020 07:00:00 AM;133;SAN CAYETANO - AUT;CUNDINAMARCA;SAN CAYETANO;MEDIO MAGDALENA;5333333333;-74016666667;Temp Aire 2 m;°C
21205525;68;01/21/2020 01:30:00 PM;17546;VILLA PINZON  - AUT;CUNDINAMARCA;VILLAPINZÓN;ALTO MAGDALENA;5229;-73585;Temp Aire 2 m;°C
21205511;68;07/01/2019 02:20:00 PM;13285;EL OKAL  - AUT;CUNDINAMARCA;VILLAGÓMEZ;ALTO MAGDALENA;5001;-73733;Temp Aire 2 m;°C
21205513;68;01/21/2020 04:10:00 AM;12134;LA RAMADA  - AUT;CUNDINAMARCA;FUNZA;ALTO MAGDALENA;4505;-74184;Temp Aire 2 m;°C
21205515;68;01/21/2020 08:40:00 AM;12137;MERENGO  - AUT;CUNDINAMARCA;SOACHA;ALTO MAGDALENA;47;-74174;Temp Aire 2 m;°C
21205525;68;01/21/2020 01:30:00 AM;1005;VILLA PINZON  - AUT;CUNDINAMARCA;VILLAPINZÓN;ALTO MAGDALENA;5229;-73585;Temp Aire 2 m;°C
21205518;68;07/01/2019 01:30:00 PM;9865;SALITRE  - AUT;CUNDINAMARCA;TAUSA;ALTO MAGDALENA;5171;-74016;Temp Aire 2 m;°C
21237060;68;07/01/2019 09:30:00 PM;20661;CORRALITOS PULI;CUNDINAMARCA;PULÍ;ALTO MAGDALENA;4633;-7465;Temp Aire 2 m;°C
23065160;68;07/01/2019 05:20:00 PM;20555;ACOMODO EL;CUNDINAMARCA;LA VEGA;MEDIO MAGDALENA;5017;-74333;Temp Aire 2 m;°C
21205514;68;01/21/2020 07:10:00 AM;11477;LAS MARGARITAS  - AUT;CUNDINAMARCA;EL ROSAL;ALTO MAGDALENA;4469;-74079;Temp Aire 2 m;°C
21205527;68;01/21/2020 04:40:00 AM;9363;ALTO DEL AIRE  - AUT;CUNDINAMARCA;CUCUNUBÁ;ALTO MAGDALENA;5198;-73805;Temp Aire 2 m;°C
35025090;68;01/21/2020 09:00:00 AM;124;BOSQUE INTERVENIDO  - AUT;CUNDINAMARCA;LA CALERA;META;4664888889;-7384663889;Temp Aire 2 m;°C
21205514;68;01/21/2020 02:10:00 AM;12015;LAS MARGARITAS  - AUT;CUNDINAMARCA;EL ROSAL;ALTO MAGDALENA;4469;-74079;Temp Aire 2 m;°C
21205519;68;01/21/2020 06:40:00 AM;9931;SAN FORTUNATO  - AUT;CUNDINAMARCA;SIBATÉ;ALTO MAGDALENA;4452;-74272;Temp Aire 2 m;°C
35025501;68;01/21/2020 11:10:00 PM;1699101;QUETAME  - AUT;CUNDINAMARCA;QUETAME;META;4297941667;-7387238889;Temp Aire 2 m;°C
24015507;68;07/01/2019 08:30:00 AM;11131;OJO DE AGUA  - AUT;CUNDINAMARCA;SIMIJACA;SOGAMOSO;5392;-73854;Temp Aire 2 m;°C
21195170;68;01/21/2020 08:00:00 AM;148;PAQUILO - AUT;CUNDINAMARCA;CABRERA;ALTO MAGDALENA;3993611111;-7439805556;Temp Aire 2 m;°C
21237060;68;01/21/2020 03:30:00 AM;19841;CORRALITOS PULI;CUNDINAMARCA;PULÍ;ALTO MAGDALENA;4633;-7465;Temp Aire 2 m;°C
35075090;68;01/21/2020 05:30:00 AM;11476;MACHETA - CHIVOR;CUNDINAMARCA;MACHETÁ;META;5083;-7365;Temp Aire 2 m;°C
21206930;68;01/21/2020 04:00:00 PM;102;PARAMO GUERRERO  - AUT;CUNDINAMARCA;ZIPAQUIRÁ;ALTO MAGDALENA;5086444444;-7402216667;Temp Aire 2 m;°C
21205516;68;01/21/2020 07:00:00 AM;14403;NEGRETE  - AUT;CUNDINAMARCA;PACHO;ALTO MAGDALENA;5173;-73852;Temp Aire 2 m;°C
24015507;68;07/01/2019 06:30:00 AM;9655;OJO DE AGUA  - AUT;CUNDINAMARCA;SIMIJACA;SOGAMOSO;5392;-73854;Temp Aire 2 m;°C
21205519;68;01/21/2020 07:10:00 AM;10215;SAN FORTUNATO  - AUT;CUNDINAMARCA;SIBATÉ;ALTO MAGDALENA;4452;-74272;Temp Aire 2 m;°C
21205524;68;01/21/2020 07:50:00 AM;1012;VETA LARGA  - AUT;CUNDINAMARCA;ZIPAQUIRÁ;ALTO MAGDALENA;5075;-74057;Temp Aire 2 m;°C
35075090;68;01/21/2020 04:20:00 PM;13982;MACHETA - CHIVOR;CUNDINAMARCA;MACHETÁ;META;5083;-7365;Temp Aire 2 m;°C
21205516;68;01/21/2020 09:20:00 PM;14472;NEGRETE  - AUT;CUNDINAMARCA;PACHO;ALTO MAGDALENA;5173;-73852;Temp Aire 2 m;°C
23065160;68;07/01/2019 07:00:00 PM;19656;ACOMODO EL;CUNDINAMARCA;LA VEGA;MEDIO MAGDALENA;5017;-74333;Temp Aire 2 m;°C
21205511;68;01/21/2020 09:20:00 PM;11844;EL OKAL  - AUT;CUNDINAMARCA;VILLAGÓMEZ;ALTO MAGDALENA;5001;-73733;Temp Aire 2 m;°C
35075090;68;01/21/2020 03:40:00 AM;11407;MACHETA - CHIVOR;CUNDINAMARCA;MACHETÁ;META;5083;-7365;Temp Aire 2 m;°C
21205522;68;07/01/2019 09:00:00 PM;11627;TABIO  - AUT;CUNDINAMARCA;TABIO;ALTO MAGDALENA;4918;-74029;Temp Aire 2 m;°C
21205514;68;01/21/2020 06:50:00 PM;12644;LAS MARGARITAS  - AUT;CUNDINAMARCA;EL ROSAL;ALTO MAGDALENA;4469;-74079;Temp Aire 2 m;°C
24015380;68;01/21/2020 07:00:00 PM;11;CARMEN DE CARUPA  - AUT;CUNDINAMARCA;CARMEN DE CARUPA;SOGAMOSO;5347222222;-7389833333;Temp Aire 2 m;°C
21205513;68;07/01/2019 09:50:00 AM;14704;LA RAMADA  - AUT;CUNDINAMARCA;FUNZA;ALTO MAGDALENA;4505;-74184;Temp Aire 2 m;°C
21206990;68;01/21/2020 01:00:00 PM;167;TIBAITATA - AUT;CUNDINAMARCA;MOSQUERA;ALTO MAGDALENA;4691416667;-74209;Temp Aire 2 m;°C
21205515;68;01/21/2020 03:30:00 AM;96;MERENGO  - AUT;CUNDINAMARCA;SOACHA;ALTO MAGDALENA;47;-74174;Temp Aire 2 m;°C
21205524;68;01/21/2020 03:20:00 AM;8432;VETA LARGA  - AUT;CUNDINAMARCA;ZIPAQUIRÁ;ALTO MAGDALENA;5075;-74057;Temp Aire 2 m;°C
21205511;68;07/01/2019 01:30:00 PM;13165;EL OKAL  - AUT;CUNDINAMARCA;VILLAGÓMEZ;ALTO MAGDALENA;5001;-73733;Temp Aire 2 m;°C
24015507;68;07/01/2019 05:00:00 PM;10128;OJO DE AGUA  - AUT;CUNDINAMARCA;SIMIJACA;SOGAMOSO;5392;-73854;Temp Aire 2 m;°C
21205522;68;01/21/2020 07:20:00 PM;13926;TABIO  - AUT;CUNDINAMARCA;TABIO;ALTO MAGDALENA;4918;-74029;Temp Aire 2 m;°C
21205524;68;01/21/2020 02:30:00 PM;13074;VETA LARGA  - AUT;CUNDINAMARCA;ZIPAQUIRÁ;ALTO MAGDALENA;5075;-74057;Temp Aire 2 m;°C
24015508;68;07/01/2019 12:00:00 PM;14689;HACIENDA LA MESA  - AUT;CUNDINAMARCA;PASCA;ALTO MAGDALENA;4308;-74282;Temp Aire 2 m;°C
21205521;68;07/01/2019 04:10:00 PM;12295;SANTA HELENA  - AUT;CUNDINAMARCA;LA CALERA;ALTO MAGDALENA;4738;-73936;Temp Aire 2 m;°C
21205515;68;01/21/2020 08:00:00 AM;11897;MERENGO  - AUT;CUNDINAMARCA;SOACHA;ALTO MAGDALENA;47;-74174;Temp Aire 2 m;°C
24015508;68;07/01/2019 12:40:00 AM;11621;HACIENDA LA MESA  - AUT;CUNDINAMARCA;PASCA;ALTO MAGDALENA;4308;-74282;Temp Aire 2 m;°C
21205522;68;01/21/2020 06:40:00 PM;15082;TABIO  - AUT;CUNDINAMARCA;TABIO;ALTO MAGDALENA;4918;-74029;Temp Aire 2 m;°C
21205521;68;01/21/2020 09:00:00 PM;11079;SANTA HELENA  - AUT;CUNDINAMARCA;LA CALERA;ALTO MAGDALENA;4738;-73936;Temp Aire 2 m;°C
21205516;68;01/21/2020 08:50:00 AM;19419;NEGRETE  - AUT;CUNDINAMARCA;PACHO;ALTO MAGDALENA;5173;-73852;Temp Aire 2 m;°C
24015380;68;01/21/2020 11:00:00 PM;105;CARMEN DE CARUPA  - AUT;CUNDINAMARCA;CARMEN DE CARUPA;SOGAMOSO;5347222222;-7389833333;Temp Aire 2 m;°C
21205521;68;07/01/2019 12:20:00 AM;9145;SANTA HELENA  - AUT;CUNDINAMARCA;LA CALERA;ALTO MAGDALENA;4738;-73936;Temp Aire 2 m;°C
21205525;68;01/21/2020 09:10:00 PM;11294;VILLA PINZON  - AUT;CUNDINAMARCA;VILLAPINZÓN;ALTO MAGDALENA;5229;-73585;Temp Aire 2 m;°C
21205525;68;01/21/2020 03:00:00 PM;1408;VILLA PINZON  - AUT;CUNDINAMARCA;VILLAPINZÓN;ALTO MAGDALENA;5229;-73585;Temp Aire 2 m;°C
21205480;68;01/21/2020 10:10:00 AM;16419;IBERIA LA;CUNDINAMARCA;CHOCONTÁ;ALTO MAGDALENA;5033;-73717;Temp Aire 2 m;°C
21205513;68;01/21/2020 12:30:00 AM;12775;LA RAMADA  - AUT;CUNDINAMARCA;FUNZA;ALTO MAGDALENA;4505;-74184;Temp Aire 2 m;°C
21205527;68;07/01/2019 01:20:00 PM;12089;ALTO DEL AIRE  - AUT;CUNDINAMARCA;CUCUNUBÁ;ALTO MAGDALENA;5198;-73805;Temp Aire 2 m;°C
21205511;68;07/01/2019 12:10:00 PM;13405;EL OKAL  - AUT;CUNDINAMARCA;VILLAGÓMEZ;ALTO MAGDALENA;5001;-73733;Temp Aire 2 m;°C
21205511;68;01/21/2020 05:40:00 AM;9777;EL OKAL  - AUT;CUNDINAMARCA;VILLAGÓMEZ;ALTO MAGDALENA;5001;-73733;Temp Aire 2 m;°C
21205515;68;01/21/2020 02:50:00 PM;12055;MERENGO  - AUT;CUNDINAMARCA;SOACHA;ALTO MAGDALENA;47;-74174;Temp Aire 2 m;°C
21205527;68;01/21/2020 04:40:00 PM;10632;ALTO DEL AIRE  - AUT;CUNDINAMARCA;CUCUNUBÁ;ALTO MAGDALENA;5198;-73805;Temp Aire 2 m;°C
21205522;68;07/01/2019 03:20:00 AM;10532;TABIO  - AUT;CUNDINAMARCA;TABIO;ALTO MAGDALENA;4918;-74029;Temp Aire 2 m;°C
21205526;68;07/01/2019 02:20:00 AM;13959;PEDRO PALO  - AUT;CUNDINAMARCA;TENA;ALTO MAGDALENA;4691;-74389;Temp Aire 2 m;°C
21205525;68;01/21/2020 08:50:00 PM;11476;VILLA PINZON  - AUT;CUNDINAMARCA;VILLAPINZÓN;ALTO MAGDALENA;5229;-73585;Temp Aire 2 m;°C
21205521;68;01/21/2020 06:40:00 PM;11403;SANTA HELENA  - AUT;CUNDINAMARCA;LA CALERA;ALTO MAGDALENA;4738;-73936;Temp Aire 2 m;°C
21205524;68;01/21/2020 09:50:00 PM;10519;VETA LARGA  - AUT;CUNDINAMARCA;ZIPAQUIRÁ;ALTO MAGDALENA;5075;-74057;Temp Aire 2 m;°C
24015508;68;01/21/2020 06:30:00 AM;10995;HACIENDA LA MESA  - AUT;CUNDINAMARCA;PASCA;ALTO MAGDALENA;4308;-74282;Temp Aire 2 m;°C
21205527;68;07/01/2019 01:00:00 PM;12295;ALTO DEL AIRE  - AUT;CUNDINAMARCA;CUCUNUBÁ;ALTO MAGDALENA;5198;-73805;Temp Aire 2 m;°C
21205519;68;01/21/2020 05:00:00 AM;10253;SAN FORTUNATO  - AUT;CUNDINAMARCA;SIBATÉ;ALTO MAGDALENA;4452;-74272;Temp Aire 2 m;°C
24015508;68;07/01/2019 05:10:00 AM;12209;HACIENDA LA MESA  - AUT;CUNDINAMARCA;PASCA;ALTO MAGDALENA;4308;-74282;Temp Aire 2 m;°C
21205511;68;01/21/2020 07:30:00 AM;1033;EL OKAL  - AUT;CUNDINAMARCA;VILLAGÓMEZ;ALTO MAGDALENA;5001;-73733;Temp Aire 2 m;°C
21205511;68;07/01/2019 04:00:00 AM;9999;EL OKAL  - AUT;CUNDINAMARCA;VILLAGÓMEZ;ALTO MAGDALENA;5001;-73733;Temp Aire 2 m;°C
35075090;68;07/01/2019 11:20:00 PM;10199;MACHETA - CHIVOR;CUNDINAMARCA;MACHETÁ;META;5083;-7365;Temp Aire 2 m;°C
21205480;68;01/21/2020 10:00:00 AM;16955;IBERIA LA;CUNDINAMARCA;CHOCONTÁ;ALTO MAGDALENA;5033;-73717;Temp Aire 2 m;°C
21205519;68;01/21/2020 11:40:00 AM;14371;SAN FORTUNATO  - AUT;CUNDINAMARCA;SIBATÉ;ALTO MAGDALENA;4452;-74272;Temp Aire 2 m;°C
21205514;68;07/01/2019 01:20:00 AM;10575;LAS MARGARITAS  - AUT;CUNDINAMARCA;EL ROSAL;ALTO MAGDALENA;4469;-74079;Temp Aire 2 m;°C
21205524;68;01/21/2020 07:50:00 PM;10683;VETA LARGA  - AUT;CUNDINAMARCA;ZIPAQUIRÁ;ALTO MAGDALENA;5075;-74057;Temp Aire 2 m;°C
21205513;68;07/01/2019 07:30:00 AM;12473;LA RAMADA  - AUT;CUNDINAMARCA;FUNZA;ALTO MAGDALENA;4505;-74184;Temp Aire 2 m;°C
21205511;68;07/01/2019 08:50:00 PM;10022;EL OKAL  - AUT;CUNDINAMARCA;VILLAGÓMEZ;ALTO MAGDALENA;5001;-73733;Temp Aire 2 m;°C
21195501;68;01/21/2020 09:30:00 AM;2290718;GRANJA TIBACUY  - AUT;CUNDINAMARCA;TIBACUY;ALTO MAGDALENA;4363052778;-7443527778;Temp Aire 2 m;°C
21205502;68;01/21/2020 11:05:00 PM;1821419;MISIONES  - AUT;CUNDINAMARCA;EL COLEGIO;ALTO MAGDALENA;4544997222;-7444055556;Temp Aire 2 m;°C
23065506;68;07/01/2019 02:50:00 PM;12327;BELLAVISTA  - AUT;CUNDINAMARCA;FACATATIVÁ;ALTO MAGDALENA;4861;-74405;Temp Aire 2 m;°C
24015340;68;07/01/2019 11:00:00 AM;156;EL HATO - CAR;CUNDINAMARCA;CARMEN DE CARUPA;SOGAMOSO;5283;-739;Temp Aire 2 m;°C
21205519;68;01/21/2020 01:40:00 PM;12689;SAN FORTUNATO  - AUT;CUNDINAMARCA;SIBATÉ;ALTO MAGDALENA;4452;-74272;Temp Aire 2 m;°C
21205522;68;07/01/2019 05:40:00 PM;13387;TABIO  - AUT;CUNDINAMARCA;TABIO;ALTO MAGDALENA;4918;-74029;Temp Aire 2 m;°C
21205480;68;07/01/2019 10:10:00 AM;13988;IBERIA LA;CUNDINAMARCA;CHOCONTÁ;ALTO MAGDALENA;5033;-73717;Temp Aire 2 m;°C
24015508;68;07/01/2019 05:40:00 AM;12059;HACIENDA LA MESA  - AUT;CUNDINAMARCA;PASCA;ALTO MAGDALENA;4308;-74282;Temp Aire 2 m;°C
2120500050;68;01/21/2020 03:00:00 AM;66;PARAMO ALTO - AUT;CUNDINAMARCA;COGUA;ALTO MAGDALENA;5158861111;-74043444444;Temp Aire 2 m;°C
23065506;68;01/21/2020 10:20:00 AM;1327;BELLAVISTA  - AUT;CUNDINAMARCA;FACATATIVÁ;ALTO MAGDALENA;4861;-74405;Temp Aire 2 m;°C
21237060;68;01/21/2020 01:40:00 PM;19047;CORRALITOS PULI;CUNDINAMARCA;PULÍ;ALTO MAGDALENA;4633;-7465;Temp Aire 2 m;°C
21205526;68;01/21/2020 12:10:00 PM;15857;PEDRO PALO  - AUT;CUNDINAMARCA;TENA;ALTO MAGDALENA;4691;-74389;Temp Aire 2 m;°C
21205527;68;01/21/2020 01:50:00 PM;14648;ALTO DEL AIRE  - AUT;CUNDINAMARCA;CUCUNUBÁ;ALTO MAGDALENA;5198;-73805;Temp Aire 2 m;°C
24015507;68;01/21/2020 02:10:00 AM;9377;OJO DE AGUA  - AUT;CUNDINAMARCA;SIMIJACA;SOGAMOSO;5392;-73854;Temp Aire 2 m;°C
21205527;68;07/01/2019 06:40:00 PM;9699;ALTO DEL AIRE  - AUT;CUNDINAMARCA;CUCUNUBÁ;ALTO MAGDALENA;5198;-73805;Temp Aire 2 m;°C
21205527;68;01/21/2020 10:20:00 AM;14933;ALTO DEL AIRE  - AUT;CUNDINAMARCA;CUCUNUBÁ;ALTO MAGDALENA;5198;-73805;Temp Aire 2 m;°C
35025080;68;01/21/2020 09:00:00 PM;89;PNN CHINGAZA - AUT;CUNDINAMARCA;LA CALERA;META;4661;-7382733333;Temp Aire 2 m;°C
2120500050;68;01/21/2020 05:00:00 AM;46;PARAMO ALTO - AUT;CUNDINAMARCA;COGUA;ALTO MAGDALENA;5158861111;-74043444444;Temp Aire 2 m;°C
21205513;68;07/01/2019 05:00:00 PM;15431;LA RAMADA  - AUT;CUNDINAMARCA;FUNZA;ALTO MAGDALENA;4505;-74184;Temp Aire 2 m;°C
21205502;68;01/21/2020 06:10:00 PM;1896891;MISIONES  - AUT;CUNDINAMARCA;EL COLEGIO;ALTO MAGDALENA;4544997222;-7444055556;Temp Aire 2 m;°C
21205522;68;01/21/2020 04:30:00 PM;15953;TABIO  - AUT;CUNDINAMARCA;TABIO;ALTO MAGDALENA;4918;-74029;Temp Aire 2 m;°C
21205480;68;01/21/2020 01:50:00 AM;10109;IBERIA LA;CUNDINAMARCA;CHOCONTÁ;ALTO MAGDALENA;5033;-73717;Temp Aire 2 m;°C
21205521;68;01/21/2020 06:00:00 PM;11608;SANTA HELENA  - AUT;CUNDINAMARCA;LA CALERA;ALTO MAGDALENA;4738;-73936;Temp Aire 2 m;°C
21205521;68;01/21/2020 05:10:00 AM;10252;SANTA HELENA  - AUT;CUNDINAMARCA;LA CALERA;ALTO MAGDALENA;4738;-73936;Temp Aire 2 m;°C
21205525;68;01/21/2020 10:20:00 PM;11061;VILLA PINZON  - AUT;CUNDINAMARCA;VILLAPINZÓN;ALTO MAGDALENA;5229;-73585;Temp Aire 2 m;°C
21205514;68;01/21/2020 04:50:00 AM;11696;LAS MARGARITAS  - AUT;CUNDINAMARCA;EL ROSAL;ALTO MAGDALENA;4469;-74079;Temp Aire 2 m;°C
21195190;68;01/21/2020 07:00:00 AM;133;PASCA - AUT;CUNDINAMARCA;PASCA;ALTO MAGDALENA;4310111111;-7431175;Temp Aire 2 m;°C
21205525;68;01/21/2020 06:20:00 PM;12002;VILLA PINZON  - AUT;CUNDINAMARCA;VILLAPINZÓN;ALTO MAGDALENA;5229;-73585;Temp Aire 2 m;°C
21205940;68;01/21/2020 03:00:00 AM;111;VILLA INES  - AUT;CUNDINAMARCA;FACATATIVÁ;ALTO MAGDALENA;4834972222;-7438397222;Temp Aire 2 m;°C
21205521;68;01/21/2020 11:40:00 AM;20925;SANTA HELENA  - AUT;CUNDINAMARCA;LA CALERA;ALTO MAGDALENA;4738;-73936;Temp Aire 2 m;°C
24015110;68;01/21/2020 11:00:00 PM;11;LA BOYERA - AUT;CUNDINAMARCA;UBATÉ;SOGAMOSO;5303805556;-7385175;Temp Aire 2 m;°C
21205515;68;01/21/2020 12:50:00 PM;11638;MERENGO  - AUT;CUNDINAMARCA;SOACHA;ALTO MAGDALENA;47;-74174;Temp Aire 2 m;°C
23065160;68;07/01/2019 06:30:00 AM;18642;ACOMODO EL;CUNDINAMARCA;LA VEGA;MEDIO MAGDALENA;5017;-74333;Temp Aire 2 m;°C
21205515;68;07/01/2019 10:10:00 AM;12746;MERENGO  - AUT;CUNDINAMARCA;SOACHA;ALTO MAGDALENA;47;-74174;Temp Aire 2 m;°C
21205527;68;01/21/2020 09:30:00 PM;10459;ALTO DEL AIRE  - AUT;CUNDINAMARCA;CUCUNUBÁ;ALTO MAGDALENA;5198;-73805;Temp Aire 2 m;°C
21205524;68;07/01/2019 01:20:00 PM;10616;VETA LARGA  - AUT;CUNDINAMARCA;ZIPAQUIRÁ;ALTO MAGDALENA;5075;-74057;Temp Aire 2 m;°C
21205526;68;01/21/2020 01:10:00 AM;17022;PEDRO PALO  - AUT;CUNDINAMARCA;TENA;ALTO MAGDALENA;4691;-74389;Temp Aire 2 m;°C
21205511;68;07/01/2019 02:40:00 PM;13596;EL OKAL  - AUT;CUNDINAMARCA;VILLAGÓMEZ;ALTO MAGDALENA;5001;-73733;Temp Aire 2 m;°C
21206790;68;01/21/2020 11:00:00 PM;119;HACIENDA SANTA ANA - AUT;CUNDINAMARCA;NEMOCÓN;ALTO MAGDALENA;50905;-7388125;Temp Aire 2 m;°C
23125170;68;01/21/2020 09:00:00 AM;16;SAN CAYETANO - AUT;CUNDINAMARCA;SAN CAYETANO;MEDIO MAGDALENA;5333333333;-74016666667;Temp Aire 2 m;°C
2401500040;68;01/21/2020 12:00:00 AM;92;CUCUNUBA - AUT;CUNDINAMARCA;CUCUNUBÁ;SOGAMOSO;5219558333;-73784541667;Temp Aire 2 m;°C
35075090;68;01/21/2020 07:00:00 PM;12681;MACHETA - CHIVOR;CUNDINAMARCA;MACHETÁ;META;5083;-7365;Temp Aire 2 m;°C
24015508;68;07/01/2019 02:20:00 PM;1296;HACIENDA LA MESA  - AUT;CUNDINAMARCA;PASCA;ALTO MAGDALENA;4308;-74282;Temp Aire 2 m;°C
35025501;68;01/21/2020 08:55:00 AM;2175527;QUETAME  - AUT;CUNDINAMARCA;QUETAME;META;4297941667;-7387238889;Temp Aire 2 m;°C
21205527;68;01/21/2020 05:20:00 AM;9338;ALTO DEL AIRE  - AUT;CUNDINAMARCA;CUCUNUBÁ;ALTO MAGDALENA;5198;-73805;Temp Aire 2 m;°C
21205515;68;07/01/2019 10:20:00 AM;13111;MERENGO  - AUT;CUNDINAMARCA;SOACHA;ALTO MAGDALENA;47;-74174;Temp Aire 2 m;°C
21205527;68;07/01/2019 05:40:00 PM;9809;ALTO DEL AIRE  - AUT;CUNDINAMARCA;CUCUNUBÁ;ALTO MAGDALENA;5198;-73805;Temp Aire 2 m;°C
21205522;68;07/01/2019 05:00:00 AM;9794;TABIO  - AUT;CUNDINAMARCA;TABIO;ALTO MAGDALENA;4918;-74029;Temp Aire 2 m;°C
23065506;68;01/21/2020 04:00:00 AM;10986;BELLAVISTA  - AUT;CUNDINAMARCA;FACATATIVÁ;ALTO MAGDALENA;4861;-74405;Temp Aire 2 m;°C
21205514;68;01/21/2020 04:40:00 AM;11646;LAS MARGARITAS  - AUT;CUNDINAMARCA;EL ROSAL;ALTO MAGDALENA;4469;-74079;Temp Aire 2 m;°C
21237060;68;01/21/2020 03:40:00 PM;19889;CORRALITOS PULI;CUNDINAMARCA;PULÍ;ALTO MAGDALENA;4633;-7465;Temp Aire 2 m;°C
21205514;68;07/01/2019 07:50:00 PM;11699;LAS MARGARITAS  - AUT;CUNDINAMARCA;EL ROSAL;ALTO MAGDALENA;4469;-74079;Temp Aire 2 m;°C
24015508;68;01/21/2020 07:20:00 AM;11884;HACIENDA LA MESA  - AUT;CUNDINAMARCA;PASCA;ALTO MAGDALENA;4308;-74282;Temp Aire 2 m;°C
21206950;68;01/21/2020 04:00:00 PM;96;PARAMO GUACHENEQUE  - AUT;CUNDINAMARCA;VILLAPINZÓN;ALTO MAGDALENA;5236055556;-7352508333;Temp Aire 2 m;°C
21205513;68;07/01/2019 10:40:00 PM;11873;LA RAMADA  - AUT;CUNDINAMARCA;FUNZA;ALTO MAGDALENA;4505;-74184;Temp Aire 2 m;°C
21205521;68;01/21/2020 09:50:00 AM;15876;SANTA HELENA  - AUT;CUNDINAMARCA;LA CALERA;ALTO MAGDALENA;4738;-73936;Temp Aire 2 m;°C
21205525;68;01/21/2020 12:10:00 PM;15792;VILLA PINZON  - AUT;CUNDINAMARCA;VILLAPINZÓN;ALTO MAGDALENA;5229;-73585;Temp Aire 2 m;°C
21205514;68;07/01/2019 06:10:00 PM;12745;LAS MARGARITAS  - AUT;CUNDINAMARCA;EL ROSAL;ALTO MAGDALENA;4469;-74079;Temp Aire 2 m;°C
21205521;68;07/01/2019 04:50:00 AM;878;SANTA HELENA  - AUT;CUNDINAMARCA;LA CALERA;ALTO MAGDALENA;4738;-73936;Temp Aire 2 m;°C
21205480;68;07/01/2019 02:20:00 PM;15298;IBERIA LA;CUNDINAMARCA;CHOCONTÁ;ALTO MAGDALENA;5033;-73717;Temp Aire 2 m;°C
21237060;68;01/21/2020 09:50:00 PM;20037;CORRALITOS PULI;CUNDINAMARCA;PULÍ;ALTO MAGDALENA;4633;-7465;Temp Aire 2 m;°C
21205513;68;07/01/2019 04:20:00 PM;14856;LA RAMADA  - AUT;CUNDINAMARCA;FUNZA;ALTO MAGDALENA;4505;-74184;Temp Aire 2 m;°C
24015508;68;07/01/2019 04:40:00 PM;14255;HACIENDA LA MESA  - AUT;CUNDINAMARCA;PASCA;ALTO MAGDALENA;4308;-74282;Temp Aire 2 m;°C
21205514;68;01/21/2020 12:40:00 PM;1638;LAS MARGARITAS  - AUT;CUNDINAMARCA;EL ROSAL;ALTO MAGDALENA;4469;-74079;Temp Aire 2 m;°C
21205511;68;01/21/2020 06:10:00 AM;959;EL OKAL  - AUT;CUNDINAMARCA;VILLAGÓMEZ;ALTO MAGDALENA;5001;-73733;Temp Aire 2 m;°C
21205521;68;07/01/2019 07:40:00 PM;9513;SANTA HELENA  - AUT;CUNDINAMARCA;LA CALERA;ALTO MAGDALENA;4738;-73936;Temp Aire 2 m;°C
21205516;68;01/21/2020 06:20:00 PM;1447;NEGRETE  - AUT;CUNDINAMARCA;PACHO;ALTO MAGDALENA;5173;-73852;Temp Aire 2 m;°C
21205521;68;07/01/2019 10:50:00 AM;13699;SANTA HELENA  - AUT;CUNDINAMARCA;LA CALERA;ALTO MAGDALENA;4738;-73936;Temp Aire 2 m;°C
21205516;68;01/21/2020 03:40:00 PM;15139;NEGRETE  - AUT;CUNDINAMARCA;PACHO;ALTO MAGDALENA;5173;-73852;Temp Aire 2 m;°C
35025080;68;01/21/2020 12:00:00 PM;145;PNN CHINGAZA - AUT;CUNDINAMARCA;LA CALERA;META;4661;-7382733333;Temp Aire 2 m;°C
21205515;68;01/21/2020 05:40:00 AM;9126;MERENGO  - AUT;CUNDINAMARCA;SOACHA;ALTO MAGDALENA;47;-74174;Temp Aire 2 m;°C
24015508;68;01/21/2020 12:40:00 PM;15516;HACIENDA LA MESA  - AUT;CUNDINAMARCA;PASCA;ALTO MAGDALENA;4308;-74282;Temp Aire 2 m;°C
21205516;68;07/01/2019 08:40:00 AM;16786;NEGRETE  - AUT;CUNDINAMARCA;PACHO;ALTO MAGDALENA;5173;-73852;Temp Aire 2 m;°C
24015508;68;07/01/2019 03:30:00 PM;14013;HACIENDA LA MESA  - AUT;CUNDINAMARCA;PASCA;ALTO MAGDALENA;4308;-74282;Temp Aire 2 m;°C
21205513;68;01/21/2020 10:20:00 PM;10712;LA RAMADA  - AUT;CUNDINAMARCA;FUNZA;ALTO MAGDALENA;4505;-74184;Temp Aire 2 m;°C
21205522;68;01/21/2020 06:40:00 AM;10905;TABIO  - AUT;CUNDINAMARCA;TABIO;ALTO MAGDALENA;4918;-74029;Temp Aire 2 m;°C
21205524;68;07/01/2019 02:40:00 AM;9252;VETA LARGA  - AUT;CUNDINAMARCA;ZIPAQUIRÁ;ALTO MAGDALENA;5075;-74057;Temp Aire 2 m;°C
21205513;68;01/21/2020 11:30:00 AM;20815;LA RAMADA  - AUT;CUNDINAMARCA;FUNZA;ALTO MAGDALENA;4505;-74184;Temp Aire 2 m;°C
21205519;68;01/21/2020 02:20:00 PM;13239;SAN FORTUNATO  - AUT;CUNDINAMARCA;SIBATÉ;ALTO MAGDALENA;4452;-74272;Temp Aire 2 m;°C
21205519;68;01/21/2020 03:40:00 PM;13607;SAN FORTUNATO  - AUT;CUNDINAMARCA;SIBATÉ;ALTO MAGDALENA;4452;-74272;Temp Aire 2 m;°C
24015507;68;07/01/2019 02:30:00 AM;9374;OJO DE AGUA  - AUT;CUNDINAMARCA;SIMIJACA;SOGAMOSO;5392;-73854;Temp Aire 2 m;°C
21237060;68;07/01/2019 04:00:00 AM;18992;CORRALITOS PULI;CUNDINAMARCA;PULÍ;ALTO MAGDALENA;4633;-7465;Temp Aire 2 m;°C
24015508;68;07/01/2019 06:10:00 PM;13726;HACIENDA LA MESA  - AUT;CUNDINAMARCA;PASCA;ALTO MAGDALENA;4308;-74282;Temp Aire 2 m;°C
35075090;68;07/01/2019 11:10:00 PM;10167;MACHETA - CHIVOR;CUNDINAMARCA;MACHETÁ;META;5083;-7365;Temp Aire 2 m;°C
21205940;68;01/21/2020 09:00:00 PM;94;VILLA INES  - AUT;CUNDINAMARCA;FACATATIVÁ;ALTO MAGDALENA;4834972222;-7438397222;Temp Aire 2 m;°C
21205524;68;07/01/2019 07:20:00 AM;9244;VETA LARGA  - AUT;CUNDINAMARCA;ZIPAQUIRÁ;ALTO MAGDALENA;5075;-74057;Temp Aire 2 m;°C
24015507;68;07/01/2019 04:50:00 AM;9274;OJO DE AGUA  - AUT;CUNDINAMARCA;SIMIJACA;SOGAMOSO;5392;-73854;Temp Aire 2 m;°C
24015508;68;07/01/2019 01:20:00 PM;13857;HACIENDA LA MESA  - AUT;CUNDINAMARCA;PASCA;ALTO MAGDALENA;4308;-74282;Temp Aire 2 m;°C
23065506;68;01/21/2020 08:20:00 PM;10895;BELLAVISTA  - AUT;CUNDINAMARCA;FACATATIVÁ;ALTO MAGDALENA;4861;-74405;Temp Aire 2 m;°C
21205521;68;01/21/2020 06:50:00 AM;1011;SANTA HELENA  - AUT;CUNDINAMARCA;LA CALERA;ALTO MAGDALENA;4738;-73936;Temp Aire 2 m;°C
21205511;68;01/21/2020 07:50:00 PM;11787;EL OKAL  - AUT;CUNDINAMARCA;VILLAGÓMEZ;ALTO MAGDALENA;5001;-73733;Temp Aire 2 m;°C
21205526;68;07/01/2019 08:50:00 AM;18859;PEDRO PALO  - AUT;CUNDINAMARCA;TENA;ALTO MAGDALENA;4691;-74389;Temp Aire 2 m;°C
21205516;68;07/01/2019 02:30:00 AM;14362;NEGRETE  - AUT;CUNDINAMARCA;PACHO;ALTO MAGDALENA;5173;-73852;Temp Aire 2 m;°C
21205526;68;01/21/2020 03:40:00 AM;15946;PEDRO PALO  - AUT;CUNDINAMARCA;TENA;ALTO MAGDALENA;4691;-74389;Temp Aire 2 m;°C
21205514;68;07/01/2019 11:00:00 AM;16368;LAS MARGARITAS  - AUT;CUNDINAMARCA;EL ROSAL;ALTO MAGDALENA;4469;-74079;Temp Aire 2 m;°C
24015508;68;01/21/2020 11:00:00 PM;13067;HACIENDA LA MESA  - AUT;CUNDINAMARCA;PASCA;ALTO MAGDALENA;4308;-74282;Temp Aire 2 m;°C
21205516;68;07/01/2019 04:30:00 PM;14849;NEGRETE  - AUT;CUNDINAMARCA;PACHO;ALTO MAGDALENA;5173;-73852;Temp Aire 2 m;°C
21205519;68;01/21/2020 11:00:00 AM;14202;SAN FORTUNATO  - AUT;CUNDINAMARCA;SIBATÉ;ALTO MAGDALENA;4452;-74272;Temp Aire 2 m;°C
21205527;68;01/21/2020 01:50:00 AM;9775;ALTO DEL AIRE  - AUT;CUNDINAMARCA;CUCUNUBÁ;ALTO MAGDALENA;5198;-73805;Temp Aire 2 m;°C
21205514;68;01/21/2020 12:20:00 AM;12603;LAS MARGARITAS  - AUT;CUNDINAMARCA;EL ROSAL;ALTO MAGDALENA;4469;-74079;Temp Aire 2 m;°C
2120500050;68;01/21/2020 01:00:00 AM;63;PARAMO ALTO - AUT;CUNDINAMARCA;COGUA;ALTO MAGDALENA;5158861111;-74043444444;Temp Aire 2 m;°C
21205514;68;07/01/2019 03:30:00 AM;10409;LAS MARGARITAS  - AUT;CUNDINAMARCA;EL ROSAL;ALTO MAGDALENA;4469;-74079;Temp Aire 2 m;°C
21205513;68;01/21/2020 07:00:00 PM;14215;LA RAMADA  - AUT;CUNDINAMARCA;FUNZA;ALTO MAGDALENA;4505;-74184;Temp Aire 2 m;°C
21205511;68;07/01/2019 09:20:00 PM;10009;EL OKAL  - AUT;CUNDINAMARCA;VILLAGÓMEZ;ALTO MAGDALENA;5001;-73733;Temp Aire 2 m;°C
24015508;68;07/01/2019 09:10:00 AM;15943;HACIENDA LA MESA  - AUT;CUNDINAMARCA;PASCA;ALTO MAGDALENA;4308;-74282;Temp Aire 2 m;°C
21205514;68;01/21/2020 12:40:00 AM;125;LAS MARGARITAS  - AUT;CUNDINAMARCA;EL ROSAL;ALTO MAGDALENA;4469;-74079;Temp Aire 2 m;°C
35025501;68;01/21/2020 05:25:00 PM;2078422;QUETAME  - AUT;CUNDINAMARCA;QUETAME;META;4297941667;-7387238889;Temp Aire 2 m;°C
21205524;68;07/01/2019 11:50:00 PM;8901;VETA LARGA  - AUT;CUNDINAMARCA;ZIPAQUIRÁ;ALTO MAGDALENA;5075;-74057;Temp Aire 2 m;°C
24015508;68;01/21/2020 03:30:00 AM;12577;HACIENDA LA MESA  - AUT;CUNDINAMARCA;PASCA;ALTO MAGDALENA;4308;-74282;Temp Aire 2 m;°C
3502500135;68;01/21/2020 05:00:00 AM;189;GUAYABETAL POLLO OLIMPICO - AUT;CUNDINAMARCA;GUAYABETAL;META;4229669444;-73812625;Temp Aire 2 m;°C
21205516;68;01/21/2020 09:50:00 PM;14379;NEGRETE  - AUT;CUNDINAMARCA;PACHO;ALTO MAGDALENA;5173;-73852;Temp Aire 2 m;°C
21206930;68;01/21/2020 12:00:00 PM;145;PARAMO GUERRERO  - AUT;CUNDINAMARCA;ZIPAQUIRÁ;ALTO MAGDALENA;5086444444;-7402216667;Temp Aire 2 m;°C
2306500106;68;01/21/2020 03:00:00 PM;175;ALTO DEL TRIGO - AUT;CUNDINAMARCA;GUADUAS;MEDIO MAGDALENA;5001902778;-74537586111;Temp Aire 2 m;°C
21205521;68;01/21/2020 01:00:00 AM;8812;SANTA HELENA  - AUT;CUNDINAMARCA;LA CALERA;ALTO MAGDALENA;4738;-73936;Temp Aire 2 m;°C
24015506;68;07/01/2019 02:00:00 PM;185;CAPELLANIA - CAR;CUNDINAMARCA;FÚQUENE;SOGAMOSO;5449;-73769;Temp Aire 2 m;°C
24015508;68;01/21/2020 09:50:00 AM;16953;HACIENDA LA MESA  - AUT;CUNDINAMARCA;PASCA;ALTO MAGDALENA;4308;-74282;Temp Aire 2 m;°C
23125170;68;01/21/2020 01:00:00 PM;167;SAN CAYETANO - AUT;CUNDINAMARCA;SAN CAYETANO;MEDIO MAGDALENA;5333333333;-74016666667;Temp Aire 2 m;°C
35075090;68;07/01/2019 01:30:00 PM;12969;MACHETA - CHIVOR;CUNDINAMARCA;MACHETÁ;META;5083;-7365;Temp Aire 2 m;°C
21205522;68;07/01/2019 04:20:00 PM;14476;TABIO  - AUT;CUNDINAMARCA;TABIO;ALTO MAGDALENA;4918;-74029;Temp Aire 2 m;°C
2120500135;68;01/21/2020 07:00:00 PM;147;UNIVERSIDAD DE LA SABANA - AUT;CUNDINAMARCA;CHÍA;ALTO MAGDALENA;485475;-74032669444;Temp Aire 2 m;°C
21205514;68;01/21/2020 05:10:00 PM;15942;LAS MARGARITAS  - AUT;CUNDINAMARCA;EL ROSAL;ALTO MAGDALENA;4469;-74079;Temp Aire 2 m;°C
21195501;68;01/21/2020 09:20:00 AM;2334552;GRANJA TIBACUY  - AUT;CUNDINAMARCA;TIBACUY;ALTO MAGDALENA;4363052778;-7443527778;Temp Aire 2 m;°C
21205522;68;01/21/2020 10:20:00 AM;19154;TABIO  - AUT;CUNDINAMARCA;TABIO;ALTO MAGDALENA;4918;-74029;Temp Aire 2 m;°C
21205480;68;07/01/2019 04:00:00 PM;13437;IBERIA LA;CUNDINAMARCA;CHOCONTÁ;ALTO MAGDALENA;5033;-73717;Temp Aire 2 m;°C
21205521;68;07/01/2019 09:40:00 PM;9423;SANTA HELENA  - AUT;CUNDINAMARCA;LA CALERA;ALTO MAGDALENA;4738;-73936;Temp Aire 2 m;°C
35025501;68;01/21/2020 05:40:00 PM;2038881;QUETAME  - AUT;CUNDINAMARCA;QUETAME;META;4297941667;-7387238889;Temp Aire 2 m;°C
21205526;68;01/21/2020 06:40:00 AM;15478;PEDRO PALO  - AUT;CUNDINAMARCA;TENA;ALTO MAGDALENA;4691;-74389;Temp Aire 2 m;°C
21205524;68;01/21/2020 01:30:00 AM;10046;VETA LARGA  - AUT;CUNDINAMARCA;ZIPAQUIRÁ;ALTO MAGDALENA;5075;-74057;Temp Aire 2 m;°C
21205515;68;07/01/2019 07:40:00 AM;9915;MERENGO  - AUT;CUNDINAMARCA;SOACHA;ALTO MAGDALENA;47;-74174;Temp Aire 2 m;°C
24015507;68;07/01/2019 10:20:00 AM;13016;OJO DE AGUA  - AUT;CUNDINAMARCA;SIMIJACA;SOGAMOSO;5392;-73854;Temp Aire 2 m;°C
21205521;68;07/01/2019 09:30:00 AM;11755;SANTA HELENA  - AUT;CUNDINAMARCA;LA CALERA;ALTO MAGDALENA;4738;-73936;Temp Aire 2 m;°C
21205511;68;07/01/2019 10:50:00 AM;13337;EL OKAL  - AUT;CUNDINAMARCA;VILLAGÓMEZ;ALTO MAGDALENA;5001;-73733;Temp Aire 2 m;°C
21205521;68;07/01/2019 02:50:00 PM;12493;SANTA HELENA  - AUT;CUNDINAMARCA;LA CALERA;ALTO MAGDALENA;4738;-73936;Temp Aire 2 m;°C
21205524;68;01/21/2020 08:10:00 PM;10863;VETA LARGA  - AUT;CUNDINAMARCA;ZIPAQUIRÁ;ALTO MAGDALENA;5075;-74057;Temp Aire 2 m;°C
24015507;68;01/21/2020 08:20:00 PM;1002;OJO DE AGUA  - AUT;CUNDINAMARCA;SIMIJACA;SOGAMOSO;5392;-73854;Temp Aire 2 m;°C
24015508;68;01/21/2020 06:20:00 PM;1392;HACIENDA LA MESA  - AUT;CUNDINAMARCA;PASCA;ALTO MAGDALENA;4308;-74282;Temp Aire 2 m;°C
21205516;68;07/01/2019 05:50:00 PM;14398;NEGRETE  - AUT;CUNDINAMARCA;PACHO;ALTO MAGDALENA;5173;-73852;Temp Aire 2 m;°C
35075090;68;01/21/2020 09:10:00 PM;1263;MACHETA - CHIVOR;CUNDINAMARCA;MACHETÁ;META;5083;-7365;Temp Aire 2 m;°C
21205480;68;01/21/2020 08:40:00 AM;14036;IBERIA LA;CUNDINAMARCA;CHOCONTÁ;ALTO MAGDALENA;5033;-73717;Temp Aire 2 m;°C
21205526;68;07/01/2019 08:40:00 PM;1383;PEDRO PALO  - AUT;CUNDINAMARCA;TENA;ALTO MAGDALENA;4691;-74389;Temp Aire 2 m;°C
21205516;68;01/21/2020 02:10:00 PM;16272;NEGRETE  - AUT;CUNDINAMARCA;PACHO;ALTO MAGDALENA;5173;-73852;Temp Aire 2 m;°C
21205526;68;01/21/2020 04:10:00 AM;16188;PEDRO PALO  - AUT;CUNDINAMARCA;TENA;ALTO MAGDALENA;4691;-74389;Temp Aire 2 m;°C
21205525;68;07/01/2019 10:10:00 AM;1327;VILLA PINZON  - AUT;CUNDINAMARCA;VILLAPINZÓN;ALTO MAGDALENA;5229;-73585;Temp Aire 2 m;°C
3505500061;68;01/21/2020 10:00:00 PM;242;MEDINA - AUT;CUNDINAMARCA;MEDINA;META;4506638889;-73347111111;Temp Aire 2 m;°C
21205521;68;01/21/2020 08:10:00 PM;11119;SANTA HELENA  - AUT;CUNDINAMARCA;LA CALERA;ALTO MAGDALENA;4738;-73936;Temp Aire 2 m;°C
35025080;68;01/21/2020 01:00:00 PM;142;PNN CHINGAZA - AUT;CUNDINAMARCA;LA CALERA;META;4661;-7382733333;Temp Aire 2 m;°C
35075090;68;01/21/2020 08:30:00 PM;12577;MACHETA - CHIVOR;CUNDINAMARCA;MACHETÁ;META;5083;-7365;Temp Aire 2 m;°C
21195120;68;01/21/2020 03:00:00 PM;235;ITA VALSALICE  - AUT;CUNDINAMARCA;SILVANIA;ALTO MAGDALENA;4395777778;-7439613889;Temp Aire 2 m;°C
21205522;68;01/21/2020 03:40:00 PM;155;TABIO  - AUT;CUNDINAMARCA;TABIO;ALTO MAGDALENA;4918;-74029;Temp Aire 2 m;°C
21235030;68;01/21/2020 03:00:00 PM;295;UNIVERSIDAD DE CUNDINAMARCA - AUT;CUNDINAMARCA;GIRARDOT;ALTO MAGDALENA;4305333333;-7480811111;Temp Aire 2 m;°C
21205511;68;01/21/2020 04:00:00 PM;14262;EL OKAL  - AUT;CUNDINAMARCA;VILLAGÓMEZ;ALTO MAGDALENA;5001;-73733;Temp Aire 2 m;°C
21205525;68;01/21/2020 02:50:00 AM;10217;VILLA PINZON  - AUT;CUNDINAMARCA;VILLAPINZÓN;ALTO MAGDALENA;5229;-73585;Temp Aire 2 m;°C
21205525;68;01/21/2020 04:00:00 PM;13569;VILLA PINZON  - AUT;CUNDINAMARCA;VILLAPINZÓN;ALTO MAGDALENA;5229;-73585;Temp Aire 2 m;°C
23065506;68;01/21/2020 12:30:00 AM;11843;BELLAVISTA  - AUT;CUNDINAMARCA;FACATATIVÁ;ALTO MAGDALENA;4861;-74405;Temp Aire 2 m;°C
21205514;68;07/01/2019 11:00:00 PM;11034;LAS MARGARITAS  - AUT;CUNDINAMARCA;EL ROSAL;ALTO MAGDALENA;4469;-74079;Temp Aire 2 m;°C
23065506;68;07/01/2019 05:40:00 AM;9111;BELLAVISTA  - AUT;CUNDINAMARCA;FACATATIVÁ;ALTO MAGDALENA;4861;-74405;Temp Aire 2 m;°C
24015507;68;01/21/2020 11:50:00 AM;1537;OJO DE AGUA  - AUT;CUNDINAMARCA;SIMIJACA;SOGAMOSO;5392;-73854;Temp Aire 2 m;°C
21205527;68;01/21/2020 04:50:00 PM;10563;ALTO DEL AIRE  - AUT;CUNDINAMARCA;CUCUNUBÁ;ALTO MAGDALENA;5198;-73805;Temp Aire 2 m;°C
21205526;68;01/21/2020 11:00:00 PM;15085;PEDRO PALO  - AUT;CUNDINAMARCA;TENA;ALTO MAGDALENA;4691;-74389;Temp Aire 2 m;°C
35025501;68;01/21/2020 10:30:00 PM;1698382;QUETAME  - AUT;CUNDINAMARCA;QUETAME;META;4297941667;-7387238889;Temp Aire 2 m;°C
21205519;68;07/01/2019 06:10:00 AM;9752;SAN FORTUNATO  - AUT;CUNDINAMARCA;SIBATÉ;ALTO MAGDALENA;4452;-74272;Temp Aire 2 m;°C
21195502;68;07/01/2019 11:00:00 AM;197;AGUAS CLARAS - CAR;CUNDINAMARCA;SAN BERNARDO;ALTO MAGDALENA;4145;-74428;Temp Aire 2 m;°C
24015507;68;07/01/2019 05:10:00 AM;9123;OJO DE AGUA  - AUT;CUNDINAMARCA;SIMIJACA;SOGAMOSO;5392;-73854;Temp Aire 2 m;°C
21205526;68;01/21/2020 01:20:00 PM;16279;PEDRO PALO  - AUT;CUNDINAMARCA;TENA;ALTO MAGDALENA;4691;-74389;Temp Aire 2 m;°C
2306500106;68;01/21/2020 09:00:00 PM;171;ALTO DEL TRIGO - AUT;CUNDINAMARCA;GUADUAS;MEDIO MAGDALENA;5001902778;-74537586111;Temp Aire 2 m;°C
24015110;68;01/21/2020 11:00:00 AM;195;LA BOYERA - AUT;CUNDINAMARCA;UBATÉ;SOGAMOSO;5303805556;-7385175;Temp Aire 2 m;°C
35075090;68;01/21/2020 06:00:00 PM;12836;MACHETA - CHIVOR;CUNDINAMARCA;MACHETÁ;META;5083;-7365;Temp Aire 2 m;°C
21205511;68;07/01/2019 09:30:00 PM;9892;EL OKAL  - AUT;CUNDINAMARCA;VILLAGÓMEZ;ALTO MAGDALENA;5001;-73733;Temp Aire 2 m;°C
21205521;68;01/21/2020 03:40:00 PM;13707;SANTA HELENA  - AUT;CUNDINAMARCA;LA CALERA;ALTO MAGDALENA;4738;-73936;Temp Aire 2 m;°C
21237060;68;01/21/2020 11:40:00 PM;20363;CORRALITOS PULI;CUNDINAMARCA;PULÍ;ALTO MAGDALENA;4633;-7465;Temp Aire 2 m;°C
23065502;68;01/21/2020 09:05:00 AM;2183389;LA PALMA  - AUT;CUNDINAMARCA;LA PALMA;MEDIO MAGDALENA;5330266667;-7440156111;Temp Aire 2 m;°C
3505500061;68;01/21/2020 12:00:00 PM;303;MEDINA - AUT;CUNDINAMARCA;MEDINA;META;4506638889;-73347111111;Temp Aire 2 m;°C
21237060;68;01/21/2020 04:20:00 AM;20651;CORRALITOS PULI;CUNDINAMARCA;PULÍ;ALTO MAGDALENA;4633;-7465;Temp Aire 2 m;°C
21235030;68;01/21/2020 10:00:00 AM;294;UNIVERSIDAD DE CUNDINAMARCA - AUT;CUNDINAMARCA;GIRARDOT;ALTO MAGDALENA;4305333333;-7480811111;Temp Aire 2 m;°C
23065506;68;07/01/2019 07:00:00 PM;9802;BELLAVISTA  - AUT;CUNDINAMARCA;FACATATIVÁ;ALTO MAGDALENA;4861;-74405;Temp Aire 2 m;°C
21205522;68;07/01/2019 08:30:00 AM;13133;TABIO  - AUT;CUNDINAMARCA;TABIO;ALTO MAGDALENA;4918;-74029;Temp Aire 2 m;°C
21205525;68;01/21/2020 08:40:00 AM;13226;VILLA PINZON  - AUT;CUNDINAMARCA;VILLAPINZÓN;ALTO MAGDALENA;5229;-73585;Temp Aire 2 m;°C
21205516;68;01/21/2020 04:30:00 PM;1484;NEGRETE  - AUT;CUNDINAMARCA;PACHO;ALTO MAGDALENA;5173;-73852;Temp Aire 2 m;°C
21205522;68;01/21/2020 12:40:00 AM;11007;TABIO  - AUT;CUNDINAMARCA;TABIO;ALTO MAGDALENA;4918;-74029;Temp Aire 2 m;°C
21205515;68;01/21/2020 04:30:00 PM;12486;MERENGO  - AUT;CUNDINAMARCA;SOACHA;ALTO MAGDALENA;47;-74174;Temp Aire 2 m;°C
21205513;68;01/21/2020 08:30:00 AM;17321;LA RAMADA  - AUT;CUNDINAMARCA;FUNZA;ALTO MAGDALENA;4505;-74184;Temp Aire 2 m;°C
35027510;68;01/21/2020 12:00:00 AM;12;CALOSTROS BAJO - AUT;CUNDINAMARCA;LA CALERA;META;46645;-73863083333;Temp Aire 2 m;°C
35075090;68;07/01/2019 02:10:00 AM;1069;MACHETA - CHIVOR;CUNDINAMARCA;MACHETÁ;META;5083;-7365;Temp Aire 2 m;°C
21205519;68;01/21/2020 07:00:00 PM;11328;SAN FORTUNATO  - AUT;CUNDINAMARCA;SIBATÉ;ALTO MAGDALENA;4452;-74272;Temp Aire 2 m;°C
2401500040;68;01/21/2020 04:00:00 PM;119;CUCUNUBA - AUT;CUNDINAMARCA;CUCUNUBÁ;SOGAMOSO;5219558333;-73784541667;Temp Aire 2 m;°C
21205518;68;07/01/2019 05:50:00 AM;7402;SALITRE  - AUT;CUNDINAMARCA;TAUSA;ALTO MAGDALENA;5171;-74016;Temp Aire 2 m;°C
21205524;68;01/21/2020 04:00:00 AM;819;VETA LARGA  - AUT;CUNDINAMARCA;ZIPAQUIRÁ;ALTO MAGDALENA;5075;-74057;Temp Aire 2 m;°C
21205513;68;01/21/2020 01:00:00 PM;17487;LA RAMADA  - AUT;CUNDINAMARCA;FUNZA;ALTO MAGDALENA;4505;-74184;Temp Aire 2 m;°C
24015508;68;07/01/2019 06:00:00 AM;12071;HACIENDA LA MESA  - AUT;CUNDINAMARCA;PASCA;ALTO MAGDALENA;4308;-74282;Temp Aire 2 m;°C
21205513;68;01/21/2020 04:20:00 AM;12121;LA RAMADA  - AUT;CUNDINAMARCA;FUNZA;ALTO MAGDALENA;4505;-74184;Temp Aire 2 m;°C
23065506;68;07/01/2019 01:40:00 AM;9329;BELLAVISTA  - AUT;CUNDINAMARCA;FACATATIVÁ;ALTO MAGDALENA;4861;-74405;Temp Aire 2 m;°C
21205525;68;07/01/2019 04:20:00 PM;9998;VILLA PINZON  - AUT;CUNDINAMARCA;VILLAPINZÓN;ALTO MAGDALENA;5229;-73585;Temp Aire 2 m;°C
21205526;68;01/21/2020 12:20:00 PM;15824;PEDRO PALO  - AUT;CUNDINAMARCA;TENA;ALTO MAGDALENA;4691;-74389;Temp Aire 2 m;°C
21205526;68;01/21/2020 08:10:00 AM;1773;PEDRO PALO  - AUT;CUNDINAMARCA;TENA;ALTO MAGDALENA;4691;-74389;Temp Aire 2 m;°C
21205519;68;01/21/2020 01:50:00 AM;1134;SAN FORTUNATO  - AUT;CUNDINAMARCA;SIBATÉ;ALTO MAGDALENA;4452;-74272;Temp Aire 2 m;°C
24015508;68;01/21/2020 02:00:00 PM;15654;HACIENDA LA MESA  - AUT;CUNDINAMARCA;PASCA;ALTO MAGDALENA;4308;-74282;Temp Aire 2 m;°C
24015508;68;07/01/2019 05:30:00 PM;14359;HACIENDA LA MESA  - AUT;CUNDINAMARCA;PASCA;ALTO MAGDALENA;4308;-74282;Temp Aire 2 m;°C
21205516;68;01/21/2020 03:50:00 PM;15057;NEGRETE  - AUT;CUNDINAMARCA;PACHO;ALTO MAGDALENA;5173;-73852;Temp Aire 2 m;°C
21205519;68;01/21/2020 02:40:00 AM;11324;SAN FORTUNATO  - AUT;CUNDINAMARCA;SIBATÉ;ALTO MAGDALENA;4452;-74272;Temp Aire 2 m;°C
21205518;68;07/01/2019 06:30:00 PM;8342;SALITRE  - AUT;CUNDINAMARCA;TAUSA;ALTO MAGDALENA;5171;-74016;Temp Aire 2 m;°C
35075090;68;07/01/2019 11:00:00 AM;12261;MACHETA - CHIVOR;CUNDINAMARCA;MACHETÁ;META;5083;-7365;Temp Aire 2 m;°C
24015507;68;01/21/2020 05:40:00 AM;8603;OJO DE AGUA  - AUT;CUNDINAMARCA;SIMIJACA;SOGAMOSO;5392;-73854;Temp Aire 2 m;°C
35075090;68;07/01/2019 07:20:00 AM;10517;MACHETA - CHIVOR;CUNDINAMARCA;MACHETÁ;META;5083;-7365;Temp Aire 2 m;°C
21205521;68;01/21/2020 02:10:00 PM;12656;SANTA HELENA  - AUT;CUNDINAMARCA;LA CALERA;ALTO MAGDALENA;4738;-73936;Temp Aire 2 m;°C
21205524;68;07/01/2019 08:20:00 AM;9873;VETA LARGA  - AUT;CUNDINAMARCA;ZIPAQUIRÁ;ALTO MAGDALENA;5075;-74057;Temp Aire 2 m;°C
21205527;68;01/21/2020 02:20:00 PM;14078;ALTO DEL AIRE  - AUT;CUNDINAMARCA;CUCUNUBÁ;ALTO MAGDALENA;5198;-73805;Temp Aire 2 m;°C
21206950;68;01/21/2020 01:00:00 AM;71;PARAMO GUACHENEQUE  - AUT;CUNDINAMARCA;VILLAPINZÓN;ALTO MAGDALENA;5236055556;-7352508333;Temp Aire 2 m;°C
21205480;68;07/01/2019 07:50:00 AM;1143;IBERIA LA;CUNDINAMARCA;CHOCONTÁ;ALTO MAGDALENA;5033;-73717;Temp Aire 2 m;°C
21205526;68;07/01/2019 04:40:00 AM;13939;PEDRO PALO  - AUT;CUNDINAMARCA;TENA;ALTO MAGDALENA;4691;-74389;Temp Aire 2 m;°C
21205514;68;01/21/2020 06:30:00 PM;13466;LAS MARGARITAS  - AUT;CUNDINAMARCA;EL ROSAL;ALTO MAGDALENA;4469;-74079;Temp Aire 2 m;°C
23065505;68;07/01/2019 09:00:00 PM;197;CAPARRAPI - CAR;CUNDINAMARCA;CAPARRAPÍ;MEDIO MAGDALENA;534;-74495;Temp Aire 2 m;°C
24015507;68;07/01/2019 10:30:00 AM;13189;OJO DE AGUA  - AUT;CUNDINAMARCA;SIMIJACA;SOGAMOSO;5392;-73854;Temp Aire 2 m;°C
24015507;68;07/01/2019 07:00:00 AM;9869;OJO DE AGUA  - AUT;CUNDINAMARCA;SIMIJACA;SOGAMOSO;5392;-73854;Temp Aire 2 m;°C
2120500135;68;01/21/2020 07:00:00 AM;122;UNIVERSIDAD DE LA SABANA - AUT;CUNDINAMARCA;CHÍA;ALTO MAGDALENA;485475;-74032669444;Temp Aire 2 m;°C
24015340;68;07/01/2019 10:00:00 AM;152;EL HATO - CAR;CUNDINAMARCA;CARMEN DE CARUPA;SOGAMOSO;5283;-739;Temp Aire 2 m;°C
35025501;68;01/21/2020 06:45:00 PM;1849145;QUETAME  - AUT;CUNDINAMARCA;QUETAME;META;4297941667;-7387238889;Temp Aire 2 m;°C
21205513;68;01/21/2020 07:10:00 PM;1383;LA RAMADA  - AUT;CUNDINAMARCA;FUNZA;ALTO MAGDALENA;4505;-74184;Temp Aire 2 m;°C
21205513;68;07/01/2019 11:20:00 AM;17402;LA RAMADA  - AUT;CUNDINAMARCA;FUNZA;ALTO MAGDALENA;4505;-74184;Temp Aire 2 m;°C
21205524;68;07/01/2019 11:40:00 PM;894;VETA LARGA  - AUT;CUNDINAMARCA;ZIPAQUIRÁ;ALTO MAGDALENA;5075;-74057;Temp Aire 2 m;°C
21195170;68;01/21/2020 04:00:00 PM;138;PAQUILO - AUT;CUNDINAMARCA;CABRERA;ALTO MAGDALENA;3993611111;-7439805556;Temp Aire 2 m;°C
21205516;68;07/01/2019 01:10:00 AM;1426;NEGRETE  - AUT;CUNDINAMARCA;PACHO;ALTO MAGDALENA;5173;-73852;Temp Aire 2 m;°C
21237060;68;01/21/2020 07:20:00 PM;20331;CORRALITOS PULI;CUNDINAMARCA;PULÍ;ALTO MAGDALENA;4633;-7465;Temp Aire 2 m;°C
23065506;68;01/21/2020 01:30:00 PM;13004;BELLAVISTA  - AUT;CUNDINAMARCA;FACATATIVÁ;ALTO MAGDALENA;4861;-74405;Temp Aire 2 m;°C
21205526;68;07/01/2019 07:20:00 PM;14532;PEDRO PALO  - AUT;CUNDINAMARCA;TENA;ALTO MAGDALENA;4691;-74389;Temp Aire 2 m;°C
21205522;68;07/01/2019 02:20:00 AM;11474;TABIO  - AUT;CUNDINAMARCA;TABIO;ALTO MAGDALENA;4918;-74029;Temp Aire 2 m;°C
21205910;68;01/21/2020 06:00:00 PM;141;LA COSECHA - AUT;CUNDINAMARCA;ZIPAQUIRÁ;ALTO MAGDALENA;4989222222;-7400119444;Temp Aire 2 m;°C
21205502;68;01/21/2020 08:30:00 PM;1893867;MISIONES  - AUT;CUNDINAMARCA;EL COLEGIO;ALTO MAGDALENA;4544997222;-7444055556;Temp Aire 2 m;°C
21205480;68;07/01/2019 12:30:00 AM;11585;IBERIA LA;CUNDINAMARCA;CHOCONTÁ;ALTO MAGDALENA;5033;-73717;Temp Aire 2 m;°C
21205513;68;01/21/2020 01:50:00 AM;12774;LA RAMADA  - AUT;CUNDINAMARCA;FUNZA;ALTO MAGDALENA;4505;-74184;Temp Aire 2 m;°C
23065160;68;07/01/2019 01:00:00 AM;18587;ACOMODO EL;CUNDINAMARCA;LA VEGA;MEDIO MAGDALENA;5017;-74333;Temp Aire 2 m;°C
21205524;68;07/01/2019 07:50:00 PM;9505;VETA LARGA  - AUT;CUNDINAMARCA;ZIPAQUIRÁ;ALTO MAGDALENA;5075;-74057;Temp Aire 2 m;°C
21205519;68;01/21/2020 12:10:00 PM;14394;SAN FORTUNATO  - AUT;CUNDINAMARCA;SIBATÉ;ALTO MAGDALENA;4452;-74272;Temp Aire 2 m;°C
24015507;68;07/01/2019 04:40:00 AM;9441;OJO DE AGUA  - AUT;CUNDINAMARCA;SIMIJACA;SOGAMOSO;5392;-73854;Temp Aire 2 m;°C
21205515;68;01/21/2020 06:30:00 PM;10842;MERENGO  - AUT;CUNDINAMARCA;SOACHA;ALTO MAGDALENA;47;-74174;Temp Aire 2 m;°C
21205502;68;01/21/2020 09:40:00 PM;1824199;MISIONES  - AUT;CUNDINAMARCA;EL COLEGIO;ALTO MAGDALENA;4544997222;-7444055556;Temp Aire 2 m;°C
21205519;68;07/01/2019 10:20:00 PM;1024;SAN FORTUNATO  - AUT;CUNDINAMARCA;SIBATÉ;ALTO MAGDALENA;4452;-74272;Temp Aire 2 m;°C
21205480;68;01/21/2020 10:10:00 PM;12122;IBERIA LA;CUNDINAMARCA;CHOCONTÁ;ALTO MAGDALENA;5033;-73717;Temp Aire 2 m;°C
21205519;68;01/21/2020 09:00:00 AM;13283;SAN FORTUNATO  - AUT;CUNDINAMARCA;SIBATÉ;ALTO MAGDALENA;4452;-74272;Temp Aire 2 m;°C
35025501;68;01/21/2020 09:25:00 AM;2271051;QUETAME  - AUT;CUNDINAMARCA;QUETAME;META;4297941667;-7387238889;Temp Aire 2 m;°C
21205518;68;07/01/2019 01:10:00 AM;7588;SALITRE  - AUT;CUNDINAMARCA;TAUSA;ALTO MAGDALENA;5171;-74016;Temp Aire 2 m;°C
24015508;68;01/21/2020 04:00:00 PM;15267;HACIENDA LA MESA  - AUT;CUNDINAMARCA;PASCA;ALTO MAGDALENA;4308;-74282;Temp Aire 2 m;°C
21205514;68;01/21/2020 01:00:00 PM;16432;LAS MARGARITAS  - AUT;CUNDINAMARCA;EL ROSAL;ALTO MAGDALENA;4469;-74079;Temp Aire 2 m;°C
21206990;68;01/21/2020 10:00:00 AM;209;TIBAITATA - AUT;CUNDINAMARCA;MOSQUERA;ALTO MAGDALENA;4691416667;-74209;Temp Aire 2 m;°C
24015507;68;07/01/2019 10:00:00 AM;12725;OJO DE AGUA  - AUT;CUNDINAMARCA;SIMIJACA;SOGAMOSO;5392;-73854;Temp Aire 2 m;°C
21205513;68;01/21/2020 01:30:00 PM;16132;LA RAMADA  - AUT;CUNDINAMARCA;FUNZA;ALTO MAGDALENA;4505;-74184;Temp Aire 2 m;°C
21205511;68;07/01/2019 07:30:00 AM;10545;EL OKAL  - AUT;CUNDINAMARCA;VILLAGÓMEZ;ALTO MAGDALENA;5001;-73733;Temp Aire 2 m;°C
21205514;68;01/21/2020 11:20:00 AM;19263;LAS MARGARITAS  - AUT;CUNDINAMARCA;EL ROSAL;ALTO MAGDALENA;4469;-74079;Temp Aire 2 m;°C
21205480;68;07/01/2019 03:10:00 AM;11231;IBERIA LA;CUNDINAMARCA;CHOCONTÁ;ALTO MAGDALENA;5033;-73717;Temp Aire 2 m;°C
21205519;68;01/21/2020 10:50:00 AM;13831;SAN FORTUNATO  - AUT;CUNDINAMARCA;SIBATÉ;ALTO MAGDALENA;4452;-74272;Temp Aire 2 m;°C
21205515;68;07/01/2019 01:10:00 AM;9357;MERENGO  - AUT;CUNDINAMARCA;SOACHA;ALTO MAGDALENA;47;-74174;Temp Aire 2 m;°C
21205511;68;01/21/2020 09:40:00 PM;11753;EL OKAL  - AUT;CUNDINAMARCA;VILLAGÓMEZ;ALTO MAGDALENA;5001;-73733;Temp Aire 2 m;°C
2120500135;68;01/21/2020 09:00:00 AM;165;UNIVERSIDAD DE LA SABANA - AUT;CUNDINAMARCA;CHÍA;ALTO MAGDALENA;485475;-74032669444;Temp Aire 2 m;°C
24015110;68;01/21/2020 03:00:00 PM;124;LA BOYERA - AUT;CUNDINAMARCA;UBATÉ;SOGAMOSO;5303805556;-7385175;Temp Aire 2 m;°C
21205514;68;07/01/2019 02:30:00 AM;10372;LAS MARGARITAS  - AUT;CUNDINAMARCA;EL ROSAL;ALTO MAGDALENA;4469;-74079;Temp Aire 2 m;°C
21205480;68;07/01/2019 12:10:00 PM;14273;IBERIA LA;CUNDINAMARCA;CHOCONTÁ;ALTO MAGDALENA;5033;-73717;Temp Aire 2 m;°C
21205518;68;07/01/2019 06:40:00 AM;7514;SALITRE  - AUT;CUNDINAMARCA;TAUSA;ALTO MAGDALENA;5171;-74016;Temp Aire 2 m;°C
21205519;68;07/01/2019 09:00:00 AM;1212;SAN FORTUNATO  - AUT;CUNDINAMARCA;SIBATÉ;ALTO MAGDALENA;4452;-74272;Temp Aire 2 m;°C
21205480;68;07/01/2019 02:30:00 PM;15029;IBERIA LA;CUNDINAMARCA;CHOCONTÁ;ALTO MAGDALENA;5033;-73717;Temp Aire 2 m;°C
21205506;68;07/01/2019 11:00:00 AM;132;GUAMAL - CAR;CUNDINAMARCA;SUBACHOQUE;ALTO MAGDALENA;5025;-74153;Temp Aire 2 m;°C
23035030;68;01/21/2020 11:00:00 AM;308;BASE PALANQUERO  - AUT;CUNDINAMARCA;PUERTO SALGAR;MEDIO MAGDALENA;5492861111;-74658;Temp Aire 2 m;°C
21205511;68;01/21/2020 03:00:00 PM;14183;EL OKAL  - AUT;CUNDINAMARCA;VILLAGÓMEZ;ALTO MAGDALENA;5001;-73733;Temp Aire 2 m;°C
23065501;68;01/21/2020 04:25:00 PM;1819438;PACHO  - AUT;CUNDINAMARCA;PACHO;MEDIO MAGDALENA;5129127778;-7415769722;Temp Aire 2 m;°C
3505500061;68;01/21/2020 03:00:00 AM;225;MEDINA - AUT;CUNDINAMARCA;MEDINA;META;4506638889;-73347111111;Temp Aire 2 m;°C
21205526;68;07/01/2019 09:00:00 AM;18897;PEDRO PALO  - AUT;CUNDINAMARCA;TENA;ALTO MAGDALENA;4691;-74389;Temp Aire 2 m;°C
35025090;68;01/21/2020 01:00:00 AM;84;BOSQUE INTERVENIDO  - AUT;CUNDINAMARCA;LA CALERA;META;4664888889;-7384663889;Temp Aire 2 m;°C
21237060;68;01/21/2020 11:00:00 AM;21389;CORRALITOS PULI;CUNDINAMARCA;PULÍ;ALTO MAGDALENA;4633;-7465;Temp Aire 2 m;°C
21205513;68;07/01/2019 07:00:00 AM;11538;LA RAMADA  - AUT;CUNDINAMARCA;FUNZA;ALTO MAGDALENA;4505;-74184;Temp Aire 2 m;°C
23065506;68;01/21/2020 05:20:00 AM;10937;BELLAVISTA  - AUT;CUNDINAMARCA;FACATATIVÁ;ALTO MAGDALENA;4861;-74405;Temp Aire 2 m;°C
3502500135;68;01/21/2020 11:00:00 AM;239;GUAYABETAL POLLO OLIMPICO - AUT;CUNDINAMARCA;GUAYABETAL;META;4229669444;-73812625;Temp Aire 2 m;°C
21205526;68;01/21/2020 03:50:00 PM;18452;PEDRO PALO  - AUT;CUNDINAMARCA;TENA;ALTO MAGDALENA;4691;-74389;Temp Aire 2 m;°C
24015507;68;01/21/2020 03:20:00 AM;9629;OJO DE AGUA  - AUT;CUNDINAMARCA;SIMIJACA;SOGAMOSO;5392;-73854;Temp Aire 2 m;°C
21205527;68;01/21/2020 06:00:00 AM;9434;ALTO DEL AIRE  - AUT;CUNDINAMARCA;CUCUNUBÁ;ALTO MAGDALENA;5198;-73805;Temp Aire 2 m;°C
21205526;68;01/21/2020 02:30:00 PM;15703;PEDRO PALO  - AUT;CUNDINAMARCA;TENA;ALTO MAGDALENA;4691;-74389;Temp Aire 2 m;°C
2401500040;68;01/21/2020 01:00:00 PM;183;CUCUNUBA - AUT;CUNDINAMARCA;CUCUNUBÁ;SOGAMOSO;5219558333;-73784541667;Temp Aire 2 m;°C
21205511;68;01/21/2020 06:40:00 PM;12133;EL OKAL  - AUT;CUNDINAMARCA;VILLAGÓMEZ;ALTO MAGDALENA;5001;-73733;Temp Aire 2 m;°C
21205515;68;07/01/2019 06:40:00 PM;9542;MERENGO  - AUT;CUNDINAMARCA;SOACHA;ALTO MAGDALENA;47;-74174;Temp Aire 2 m;°C
21205527;68;01/21/2020 02:40:00 PM;13683;ALTO DEL AIRE  - AUT;CUNDINAMARCA;CUCUNUBÁ;ALTO MAGDALENA;5198;-73805;Temp Aire 2 m;°C
21205518;68;07/01/2019 01:40:00 AM;7531;SALITRE  - AUT;CUNDINAMARCA;TAUSA;ALTO MAGDALENA;5171;-74016;Temp Aire 2 m;°C
21206980;68;01/21/2020 10:00:00 PM;98;SANTA CRUZ DE SIECHA  - AUT;CUNDINAMARCA;GUASCA;ALTO MAGDALENA;4784277778;-7387080556;Temp Aire 2 m;°C
21205527;68;01/21/2020 01:30:00 PM;14654;ALTO DEL AIRE  - AUT;CUNDINAMARCA;CUCUNUBÁ;ALTO MAGDALENA;5198;-73805;Temp Aire 2 m;°C
21205525;68;01/21/2020 03:20:00 PM;14046;VILLA PINZON  - AUT;CUNDINAMARCA;VILLAPINZÓN;ALTO MAGDALENA;5229;-73585;Temp Aire 2 m;°C
21205513;68;01/21/2020 06:50:00 AM;1159;LA RAMADA  - AUT;CUNDINAMARCA;FUNZA;ALTO MAGDALENA;4505;-74184;Temp Aire 2 m;°C
21205525;68;01/21/2020 12:40:00 AM;10015;VILLA PINZON  - AUT;CUNDINAMARCA;VILLAPINZÓN;ALTO MAGDALENA;5229;-73585;Temp Aire 2 m;°C
21195502;68;07/01/2019 08:00:00 AM;15;AGUAS CLARAS - CAR;CUNDINAMARCA;SAN BERNARDO;ALTO MAGDALENA;4145;-74428;Temp Aire 2 m;°C
23065110;68;01/21/2020 08:00:00 AM;194;YACOPI  - AUT;CUNDINAMARCA;YACOPÍ;MEDIO MAGDALENA;5484166667;-7435458333;Temp Aire 2 m;°C
24015508;68;01/21/2020 03:40:00 AM;125;HACIENDA LA MESA  - AUT;CUNDINAMARCA;PASCA;ALTO MAGDALENA;4308;-74282;Temp Aire 2 m;°C
21205511;68;01/21/2020 05:30:00 PM;12778;EL OKAL  - AUT;CUNDINAMARCA;VILLAGÓMEZ;ALTO MAGDALENA;5001;-73733;Temp Aire 2 m;°C
24015507;68;01/21/2020 08:10:00 AM;11575;OJO DE AGUA  - AUT;CUNDINAMARCA;SIMIJACA;SOGAMOSO;5392;-73854;Temp Aire 2 m;°C
21205526;68;01/21/2020 07:10:00 AM;16573;PEDRO PALO  - AUT;CUNDINAMARCA;TENA;ALTO MAGDALENA;4691;-74389;Temp Aire 2 m;°C
21205524;68;07/01/2019 01:50:00 PM;11484;VETA LARGA  - AUT;CUNDINAMARCA;ZIPAQUIRÁ;ALTO MAGDALENA;5075;-74057;Temp Aire 2 m;°C
21205516;68;01/21/2020 06:40:00 AM;14764;NEGRETE  - AUT;CUNDINAMARCA;PACHO;ALTO MAGDALENA;5173;-73852;Temp Aire 2 m;°C
21205519;68;01/21/2020 07:40:00 AM;11844;SAN FORTUNATO  - AUT;CUNDINAMARCA;SIBATÉ;ALTO MAGDALENA;4452;-74272;Temp Aire 2 m;°C
23065110;68;01/21/2020 07:00:00 PM;191;YACOPI  - AUT;CUNDINAMARCA;YACOPÍ;MEDIO MAGDALENA;5484166667;-7435458333;Temp Aire 2 m;°C
21205526;68;01/21/2020 12:20:00 AM;16683;PEDRO PALO  - AUT;CUNDINAMARCA;TENA;ALTO MAGDALENA;4691;-74389;Temp Aire 2 m;°C
23065160;68;07/01/2019 07:50:00 PM;19268;ACOMODO EL;CUNDINAMARCA;LA VEGA;MEDIO MAGDALENA;5017;-74333;Temp Aire 2 m;°C
23065160;68;07/01/2019 03:00:00 AM;1826;ACOMODO EL;CUNDINAMARCA;LA VEGA;MEDIO MAGDALENA;5017;-74333;Temp Aire 2 m;°C
21205526;68;01/21/2020 11:10:00 AM;17454;PEDRO PALO  - AUT;CUNDINAMARCA;TENA;ALTO MAGDALENA;4691;-74389;Temp Aire 2 m;°C
21205516;68;07/01/2019 01:30:00 PM;15651;NEGRETE  - AUT;CUNDINAMARCA;PACHO;ALTO MAGDALENA;5173;-73852;Temp Aire 2 m;°C
24015380;68;01/21/2020 02:00:00 PM;14;CARMEN DE CARUPA  - AUT;CUNDINAMARCA;CARMEN DE CARUPA;SOGAMOSO;5347222222;-7389833333;Temp Aire 2 m;°C
21205524;68;01/21/2020 09:30:00 PM;10773;VETA LARGA  - AUT;CUNDINAMARCA;ZIPAQUIRÁ;ALTO MAGDALENA;5075;-74057;Temp Aire 2 m;°C
21205526;68;01/21/2020 04:50:00 AM;15954;PEDRO PALO  - AUT;CUNDINAMARCA;TENA;ALTO MAGDALENA;4691;-74389;Temp Aire 2 m;°C
21205524;68;07/01/2019 04:30:00 AM;8809;VETA LARGA  - AUT;CUNDINAMARCA;ZIPAQUIRÁ;ALTO MAGDALENA;5075;-74057;Temp Aire 2 m;°C
21205522;68;01/21/2020 12:20:00 AM;11073;TABIO  - AUT;CUNDINAMARCA;TABIO;ALTO MAGDALENA;4918;-74029;Temp Aire 2 m;°C
24015340;68;07/01/2019 02:00:00 PM;143;EL HATO - CAR;CUNDINAMARCA;CARMEN DE CARUPA;SOGAMOSO;5283;-739;Temp Aire 2 m;°C
21205515;68;01/21/2020 07:50:00 PM;9648;MERENGO  - AUT;CUNDINAMARCA;SOACHA;ALTO MAGDALENA;47;-74174;Temp Aire 2 m;°C
21205502;68;01/21/2020 04:25:00 PM;1923169;MISIONES  - AUT;CUNDINAMARCA;EL COLEGIO;ALTO MAGDALENA;4544997222;-7444055556;Temp Aire 2 m;°C
21205525;68;07/01/2019 02:10:00 AM;9565;VILLA PINZON  - AUT;CUNDINAMARCA;VILLAPINZÓN;ALTO MAGDALENA;5229;-73585;Temp Aire 2 m;°C
21205526;68;01/21/2020 05:10:00 PM;17527;PEDRO PALO  - AUT;CUNDINAMARCA;TENA;ALTO MAGDALENA;4691;-74389;Temp Aire 2 m;°C
21205480;68;01/21/2020 03:50:00 PM;15821;IBERIA LA;CUNDINAMARCA;CHOCONTÁ;ALTO MAGDALENA;5033;-73717;Temp Aire 2 m;°C
23065506;68;01/21/2020 02:30:00 AM;11143;BELLAVISTA  - AUT;CUNDINAMARCA;FACATATIVÁ;ALTO MAGDALENA;4861;-74405;Temp Aire 2 m;°C
21205519;68;07/01/2019 03:20:00 AM;9751;SAN FORTUNATO  - AUT;CUNDINAMARCA;SIBATÉ;ALTO MAGDALENA;4452;-74272;Temp Aire 2 m;°C
21195502;68;07/01/2019 07:00:00 PM;157;AGUAS CLARAS - CAR;CUNDINAMARCA;SAN BERNARDO;ALTO MAGDALENA;4145;-74428;Temp Aire 2 m;°C
2120500050;68;01/21/2020 04:00:00 AM;52;PARAMO ALTO - AUT;CUNDINAMARCA;COGUA;ALTO MAGDALENA;5158861111;-74043444444;Temp Aire 2 m;°C
23065506;68;01/21/2020 11:00:00 PM;10437;BELLAVISTA  - AUT;CUNDINAMARCA;FACATATIVÁ;ALTO MAGDALENA;4861;-74405;Temp Aire 2 m;°C
21205513;68;01/21/2020 05:20:00 PM;1694;LA RAMADA  - AUT;CUNDINAMARCA;FUNZA;ALTO MAGDALENA;4505;-74184;Temp Aire 2 m;°C
21205515;68;07/01/2019 05:50:00 AM;917;MERENGO  - AUT;CUNDINAMARCA;SOACHA;ALTO MAGDALENA;47;-74174;Temp Aire 2 m;°C
21205514;68;01/21/2020 12:30:00 PM;16075;LAS MARGARITAS  - AUT;CUNDINAMARCA;EL ROSAL;ALTO MAGDALENA;4469;-74079;Temp Aire 2 m;°C
21205526;68;07/01/2019 08:10:00 AM;16946;PEDRO PALO  - AUT;CUNDINAMARCA;TENA;ALTO MAGDALENA;4691;-74389;Temp Aire 2 m;°C
35075090;68;07/01/2019 09:10:00 PM;10323;MACHETA - CHIVOR;CUNDINAMARCA;MACHETÁ;META;5083;-7365;Temp Aire 2 m;°C
21205511;68;01/21/2020 08:30:00 PM;11789;EL OKAL  - AUT;CUNDINAMARCA;VILLAGÓMEZ;ALTO MAGDALENA;5001;-73733;Temp Aire 2 m;°C
35075090;68;01/21/2020 04:00:00 PM;14198;MACHETA - CHIVOR;CUNDINAMARCA;MACHETÁ;META;5083;-7365;Temp Aire 2 m;°C
21205518;68;07/01/2019 07:10:00 AM;7645;SALITRE  - AUT;CUNDINAMARCA;TAUSA;ALTO MAGDALENA;5171;-74016;Temp Aire 2 m;°C
24015508;68;01/21/2020 10:40:00 AM;18223;HACIENDA LA MESA  - AUT;CUNDINAMARCA;PASCA;ALTO MAGDALENA;4308;-74282;Temp Aire 2 m;°C
35025080;68;01/21/2020 07:00:00 PM;84;PNN CHINGAZA - AUT;CUNDINAMARCA;LA CALERA;META;4661;-7382733333;Temp Aire 2 m;°C
21205524;68;01/21/2020 11:20:00 PM;10505;VETA LARGA  - AUT;CUNDINAMARCA;ZIPAQUIRÁ;ALTO MAGDALENA;5075;-74057;Temp Aire 2 m;°C
21205514;68;01/21/2020 07:00:00 PM;12318;LAS MARGARITAS  - AUT;CUNDINAMARCA;EL ROSAL;ALTO MAGDALENA;4469;-74079;Temp Aire 2 m;°C
21205480;68;01/21/2020 12:20:00 AM;10238;IBERIA LA;CUNDINAMARCA;CHOCONTÁ;ALTO MAGDALENA;5033;-73717;Temp Aire 2 m;°C
21205514;68;01/21/2020 07:40:00 PM;11547;LAS MARGARITAS  - AUT;CUNDINAMARCA;EL ROSAL;ALTO MAGDALENA;4469;-74079;Temp Aire 2 m;°C
24015340;68;07/01/2019 06:00:00 PM;114;EL HATO - CAR;CUNDINAMARCA;CARMEN DE CARUPA;SOGAMOSO;5283;-739;Temp Aire 2 m;°C
21205525;68;01/21/2020 01:10:00 PM;17859;VILLA PINZON  - AUT;CUNDINAMARCA;VILLAPINZÓN;ALTO MAGDALENA;5229;-73585;Temp Aire 2 m;°C
21205513;68;01/21/2020 09:00:00 AM;17717;LA RAMADA  - AUT;CUNDINAMARCA;FUNZA;ALTO MAGDALENA;4505;-74184;Temp Aire 2 m;°C
24015508;68;01/21/2020 11:10:00 PM;13206;HACIENDA LA MESA  - AUT;CUNDINAMARCA;PASCA;ALTO MAGDALENA;4308;-74282;Temp Aire 2 m;°C
21206990;68;01/21/2020 11:00:00 AM;211;TIBAITATA - AUT;CUNDINAMARCA;MOSQUERA;ALTO MAGDALENA;4691416667;-74209;Temp Aire 2 m;°C
21205524;68;01/21/2020 02:00:00 AM;9211;VETA LARGA  - AUT;CUNDINAMARCA;ZIPAQUIRÁ;ALTO MAGDALENA;5075;-74057;Temp Aire 2 m;°C
21205522;68;01/21/2020 10:20:00 PM;10878;TABIO  - AUT;CUNDINAMARCA;TABIO;ALTO MAGDALENA;4918;-74029;Temp Aire 2 m;°C
24015508;68;01/21/2020 07:40:00 AM;1383;HACIENDA LA MESA  - AUT;CUNDINAMARCA;PASCA;ALTO MAGDALENA;4308;-74282;Temp Aire 2 m;°C
21237060;68;07/01/2019 03:00:00 PM;21778;CORRALITOS PULI;CUNDINAMARCA;PULÍ;ALTO MAGDALENA;4633;-7465;Temp Aire 2 m;°C
24015508;68;01/21/2020 05:30:00 PM;14156;HACIENDA LA MESA  - AUT;CUNDINAMARCA;PASCA;ALTO MAGDALENA;4308;-74282;Temp Aire 2 m;°C
21205480;68;01/21/2020 01:10:00 PM;19827;IBERIA LA;CUNDINAMARCA;CHOCONTÁ;ALTO MAGDALENA;5033;-73717;Temp Aire 2 m;°C
21205511;68;01/21/2020 12:20:00 PM;17049;EL OKAL  - AUT;CUNDINAMARCA;VILLAGÓMEZ;ALTO MAGDALENA;5001;-73733;Temp Aire 2 m;°C
24015508;68;07/01/2019 05:20:00 AM;12193;HACIENDA LA MESA  - AUT;CUNDINAMARCA;PASCA;ALTO MAGDALENA;4308;-74282;Temp Aire 2 m;°C
21205506;68;07/01/2019 04:00:00 AM;88;GUAMAL - CAR;CUNDINAMARCA;SUBACHOQUE;ALTO MAGDALENA;5025;-74153;Temp Aire 2 m;°C
21205519;68;07/01/2019 11:00:00 PM;1035;SAN FORTUNATO  - AUT;CUNDINAMARCA;SIBATÉ;ALTO MAGDALENA;4452;-74272;Temp Aire 2 m;°C
21205518;68;07/01/2019 08:30:00 PM;7829;SALITRE  - AUT;CUNDINAMARCA;TAUSA;ALTO MAGDALENA;5171;-74016;Temp Aire 2 m;°C
21206790;68;01/21/2020 10:00:00 PM;122;HACIENDA SANTA ANA - AUT;CUNDINAMARCA;NEMOCÓN;ALTO MAGDALENA;50905;-7388125;Temp Aire 2 m;°C
24015507;68;01/21/2020 01:10:00 AM;8186;OJO DE AGUA  - AUT;CUNDINAMARCA;SIMIJACA;SOGAMOSO;5392;-73854;Temp Aire 2 m;°C
21205526;68;07/01/2019 12:00:00 PM;17688;PEDRO PALO  - AUT;CUNDINAMARCA;TENA;ALTO MAGDALENA;4691;-74389;Temp Aire 2 m;°C
35075090;68;07/01/2019 11:50:00 AM;13348;MACHETA - CHIVOR;CUNDINAMARCA;MACHETÁ;META;5083;-7365;Temp Aire 2 m;°C
21205515;68;01/21/2020 07:20:00 PM;10091;MERENGO  - AUT;CUNDINAMARCA;SOACHA;ALTO MAGDALENA;47;-74174;Temp Aire 2 m;°C
21205526;68;07/01/2019 12:20:00 PM;17596;PEDRO PALO  - AUT;CUNDINAMARCA;TENA;ALTO MAGDALENA;4691;-74389;Temp Aire 2 m;°C
35025090;68;01/21/2020 11:00:00 PM;102;BOSQUE INTERVENIDO  - AUT;CUNDINAMARCA;LA CALERA;META;4664888889;-7384663889;Temp Aire 2 m;°C
24015507;68;01/21/2020 01:30:00 AM;8473;OJO DE AGUA  - AUT;CUNDINAMARCA;SIMIJACA;SOGAMOSO;5392;-73854;Temp Aire 2 m;°C
21205526;68;01/21/2020 02:40:00 PM;16104;PEDRO PALO  - AUT;CUNDINAMARCA;TENA;ALTO MAGDALENA;4691;-74389;Temp Aire 2 m;°C
21205513;68;07/01/2019 04:30:00 PM;15345;LA RAMADA  - AUT;CUNDINAMARCA;FUNZA;ALTO MAGDALENA;4505;-74184;Temp Aire 2 m;°C
21205524;68;01/21/2020 01:20:00 AM;10075;VETA LARGA  - AUT;CUNDINAMARCA;ZIPAQUIRÁ;ALTO MAGDALENA;5075;-74057;Temp Aire 2 m;°C
21205480;68;07/01/2019 04:10:00 PM;13167;IBERIA LA;CUNDINAMARCA;CHOCONTÁ;ALTO MAGDALENA;5033;-73717;Temp Aire 2 m;°C
21235030;68;01/21/2020 01:00:00 PM;279;UNIVERSIDAD DE CUNDINAMARCA - AUT;CUNDINAMARCA;GIRARDOT;ALTO MAGDALENA;4305333333;-7480811111;Temp Aire 2 m;°C
21205480;68;07/01/2019 12:30:00 PM;14212;IBERIA LA;CUNDINAMARCA;CHOCONTÁ;ALTO MAGDALENA;5033;-73717;Temp Aire 2 m;°C
21195190;68;01/21/2020 05:00:00 PM;163;PASCA - AUT;CUNDINAMARCA;PASCA;ALTO MAGDALENA;4310111111;-7431175;Temp Aire 2 m;°C
35075090;68;01/21/2020 12:00:00 PM;17624;MACHETA - CHIVOR;CUNDINAMARCA;MACHETÁ;META;5083;-7365;Temp Aire 2 m;°C
21205526;68;01/21/2020 02:40:00 AM;16411;PEDRO PALO  - AUT;CUNDINAMARCA;TENA;ALTO MAGDALENA;4691;-74389;Temp Aire 2 m;°C
35075090;68;07/01/2019 11:10:00 AM;12238;MACHETA - CHIVOR;CUNDINAMARCA;MACHETÁ;META;5083;-7365;Temp Aire 2 m;°C
21205502;68;01/21/2020 08:35:00 PM;1897413;MISIONES  - AUT;CUNDINAMARCA;EL COLEGIO;ALTO MAGDALENA;4544997222;-7444055556;Temp Aire 2 m;°C
21205515;68;01/21/2020 05:00:00 PM;11957;MERENGO  - AUT;CUNDINAMARCA;SOACHA;ALTO MAGDALENA;47;-74174;Temp Aire 2 m;°C
21205519;68;07/01/2019 08:40:00 AM;11868;SAN FORTUNATO  - AUT;CUNDINAMARCA;SIBATÉ;ALTO MAGDALENA;4452;-74272;Temp Aire 2 m;°C
23065180;68;01/21/2020 10:00:00 AM;263;VILLETA - AUT;CUNDINAMARCA;VILLETA;MEDIO MAGDALENA;5016861111;-7447097222;Temp Aire 2 m;°C
